id,title
549475,МРСК ЦиП и Центра. Анализ переполнения памяти мобильного устройства (SD 2668196)
774271,[МОЭСК МС] #4990 Необходимо доработать логику формирования акта «Проверка соответствия данных» в мобильном приложении «Цифровой контролер» в части подтверждения привязки к схеме сети учетного показателя (прибора учета)
793494,"[МОЭСК МС] #5184 Необходимо реализовать возможность сбора через ЦК НСИ оборудования сбора и передачи данных, а также сведений, необходимых для оценки стоимости выполненных работ"
709059,[МОЭСК]#HD1038238 Не отображаются ПКЗ в КСП.
781957,[МРСК ЦиП] #1764279 Необходима выгрузка всех строк ТУ
705620,[МРСК СевКав] #HD51222 Не меняется сетевая привязка и не садятся показания по актам - Корректировка НСИ
566491,МРСК ЦиП и Центра.(SD 1274550) В плане работ на ноябрь по Брянскому  РЭС Брянскэнерго высвечивается плановая дата октября
729946,[МОЭСК МС] #4069 Вывод последних показаний в акт замены ПУ в ЦК
725182,[МОЭСК МС] #4519 Необходимо реализовать определение кода ЛС МЭС из доп. поля в карточке ТУ
666523,[ЕЕ PЕ] ЦиП. Шаблоны заданий не загружаются в АРМ
808985,[МРСК СЗ] Техническая поддержка. Мониторинг. 08.2023
597043,МОЭСК (SD 867272). При загрузке показаний через мобильный обходчик в кис балансе не отображается полное количество показаний
725084,[ЕЕ PЕ] Россети-Тюмень.03.03.01.00 ТРП Архитектура системы. Устранение замечаний от Заказчика
682235,[МРСК СевКав] #HD50088 Ошибка: в маршрутных листах отображаются показания с некорректной датой
540610,"МРСК ЦиП и Центра. В плане отображается больше работ, чем было загружено. (SD 1185984)"
671642,"[МОЭСК] #HD4050 Запрос на изменение ""Необходимо исключить из справочника мест установки ПУ при формировании акта замены «Неизвестно»."""
789675,[МРСК ЦиП] #HD 1795516 Не интегрируются во Флагман подтвержденные акты
611820,"МРСК СК (HD 47115) Ошибка: После обновления от 23.03.2022 АИС ""Мобильные сервисы"" не работают"
784117,[МС] Россети Центр. Проведение обновления к 13.06.2023
602702,"МРСК СК (HD 46773) Обнулились ""причины отклонения""  и не позволяют снова рассмотреть задания."
647148,[КСК МС] (СК00-00344843) Выгрузка действительных пользователей МО
695532,"[КСК МС] ТП. 11.2022. Предоставление прав доступа, смена пароля/восстановление доступа "
564372,"МРСК СевКав. HD-44097 Ошибка: В ПК ""Мобильный обходчик"" у пользователя Коновалова ЕП не удается составить АКП КП"
591254,Казань. Замечания по ПСИ
592368,МРСК ЦиП и Центра. Сопоставление актуальной информации об инструментальных проверках (по письму от Чертова 31.01)
770418,[МОЭСК МС] #HD4934 Необходима возможность массовой дозагрузки контента в АРМ Диспетчера при редактировании выполненного задания
662136,[МОЭСК] #HD974566 Отсутствует аббревиатуры филиала в номере документа
680173,МРСК Центр #HD1283891 Необходимо в скачанном шаблоне убрать ссылку  \\pc-083\Share\Ивэнерго
730888,"[МОЭСК МС] Замечания по АРМ диспетчеру. Отсутствуют даты подтверждения в разделе ""Подтверждение задач"""
692504,[КСК МС] Анализ и устранение причины массового сбоя импорта НСИ в случаях возникновения исключительных ситуаций от 1С ЭБ.
757579,[МРСК СевКав] #HD53969 Не удаётся войти в ЛКК
707950,[МРСК ЦиП и Центр]. Техническая поддержка. Мониторинг 12.2022
557432,Казань. МС. Убрать возможность удаления маршрутов
708518,"[МОЭСК МС] #4387 Необходимо в ""Цифровом контролере"" реализовать уведомления об отклонении заданий в АРМ Диспетчере."
685154,МРСК Центр #HD1332133 Интеграция актов инструментальной проверки в SAP
686081,[МОЭСК] #HD 1006136 В установках отсутствует информация об измерение ПУ
576117,МОЭСК. HD. (SD 850363) Требуется скорректировать номера бланков.
812424,[МРСК Центр] #11889829 В приложение приходит другое задание вместо необходимого
629020,МОЭСК (SD 3795). При наличии ПУ иметь возможность заменить отдельно ТТ/ТН
601574,МОЭСК (SD 886679) Отсутствует информация об исполнителе в отчете СУ-2 по ИП
705193,[МРСК СЗ] #HD51194 Коми. v357. МС  v4.1093.772
658910,МРСК Центра. Проблемы синхронизации
713587,[МРСК Центр] #1469574 После синхронизации не отображаются фотографии в АРМ
742793,"[МОЭСК МС] #4669 Необходимо реализовать интерактивную форму (экспресс-отчет или настройку сопоставления) для обработки сведений, полученных в ЦК с применением документа «Приборы вне маршрута»"
762590,"[МОЭСК МС] #1117525 В АРМ Диспетчера при редактировании акта замены ПУ слетает тарифность, выбранная в «Цифровом контролере»."
691389,[МРСК СЗ] #HD50492 Не работает тестовый Диспетчер мобильных сервисов
657468,[МОЭСК] #HD969012  Ошибка «данное перемещение не возможно» при передаче пломб исполнителю работ
775170,[MC] Россети Урал. Консультация Белозерцева А.Ю. (присутствие с 15 по 16.05.2023)
750281,[МОЭСК МС] #HD1102583 В КИС Баланс не передан контент из ЦК в случае замены ТТ
683926,[МОЭСК МС]. Техническая поддержка 10.2022 
645316,"МОЭСК (SD 952987) Акты на ограничение, сформированные в ЦК, в КБ импортируются без бита Исполнено"
597341,МОЭСК (SD 880954) Выгрузить данные из Цифрового контролера в форме таблицы Excel.
678421,МРСК ЦиП #HD1170705 Необходимо изменить исполнителя в маршрутном листе
544090,Казань. МС. СК00-00275324. У контролера Буинского РЭС Сафиулловой Ф.Ф. по ЛС 21001583 в мобильном приложении не активен номер телефона потребителя.
583104,"МРСК ЦиП и Центра. В отчёте ""По выполненным работам"" формируются подтверждённые задания, как не подтверждённые (1341510)."
666630,[МС] МРСК ЦиП. НИОКР. Отчеты по результатам показаний выгружаются пустые
792854,[МРСК ЦИП] #1808628 В акте съема показаний отсутствует возможность внесения показаний
754936,[МРСК Центр] Переезд решения МС на новые ЦОД.
552500,МРСК ЦиП и Центра.  При снятии показаний по ЮЛ в ПАК МК они экспортируются в Омниус за 01 число
538014,"МОЭСК. HD. При выполнении операции ""Забрать из Цифрового контролера"" в Омнис не попал акт замены ПУ (Внутренний баг)"
750422,[МРСК СевКав] #HD53565 Ошибка: Не все созданные пломбы переносятся в АИС Мобильные сервисы
779411,[КСК МС] #HD СК00-00433280 Количество выполненных заданий в АРМ Диспетчера не соответствует отчету по выполненным работам
651220,МОЭСК (SD 960633)  Функционал по ограничению ээ: акты недопуска по отработанным точкам
815150,[МРСК Центр] #1905485 Перестали формироваться отчеты 
791116,"[МРСК ЦиП] #HD1800799 Ошибка при выгрузке отчетов ""Произошла ошибка, повторите снова или обратитесь в техподдержку"""
765102,[МОЭСК МС] #1122067 Не отображаются пломбы в ЦК
573987,МОЭСК. HD. (SD 849265) При экспорте была утеряна строка задания.
679173,МРСК ЦиП #HD1002051 Консультация по загрузке внеплановых работ.
770158,[МРСК ЦиП и Центр]. Техническая поддержка. Мониторинг 05.2023
729120,[МРСК СЗ] Техническая поддержка. 01.2023
745507,[МРСК СевКав] #HD53303 Задача Сбор данных из мобильных сервисов не была выполнена
735447,[МРСК СевКав] #HD52707 В журнале ошибок наблюдаются ошибки от SA
561069,"МРСК СевКав. HD. В карточке ""Добавление заданий в маршрут"" пропадают строки (Внутренний баг)"
634921,АО Янтарьэнерго #HD48042 Попытка удаление маршрута из мобильного сервиса неудачна
658040,МРСК СК ЛКК. После создания маршрута в строках задания отсутствуют шкалы
751945,[МРСК СевКав ЛКК] Ошибка при смене пароля (вне портала)
811914,[EE PE] ЦИП. Обновление БД теста ПАК МК с рабочей базы 09.08.2023
556701,МОЭСК. HD-43771  При попытке забрать информацию из Цифрового контролера выдает сообщение об ошибке (SD 823511)
540669,МРСК ЦиП и Центра. Кировэнерго при загрузке шаблона импорта плановых работ дата выполнения работ в арм диспетчере меняется (Whatsapp 06.09)
600724,"МРСК ЦиП и Центра (SD 930935) Ошибка: На вкладке ""Результаты"" отображаются две точки: со старым и новым номером ПУ"
597442,МОЭСК. Несоответствие даты показаний КСП дате его загрузки в КБ.(SD 881260)
633480,МРСК СЗ (HD 47869) Не проходит синхронизация
632559,Янтарьэнерго. Анализ заявленных ошибок. Консультация заказчика
752081,[МРСК Центр] 1638782 Доработка инструкции по пользованию АРМ ПАК МК.
589477,МРСК СЗ-46191   Не работает синхронизация с мобильными сервисами после обновления.
738923,[МРСК СевКав] #HD52943 Мобильный контролёр ГПХ. Ошибка при обновлении страницы
806752,[МОЭСК МС] #1180540 Ошибка при загрузке МЛ в ЦК  после статуса Утвержден и команды Отправить в ЦК
634902,АО Янтарьэнерго #HD48043 Мобильный сервис не позволяет оформить акт недопуска
743453,[МОЭСК МС]. Техническая поддержка. Мониторинг 03.2023
636021,[КСК МС] Решение проблемы синхронизации данных
691892,[МОЭСК] Необходимо реализовать многократный выбор подтверждения выполненных заданий.
542253,МРСК ЦиП и Центра. Некорректно отображается статистика по маршруту в АРМ Диспетчере. (Внутренний баг)
652111,МРСК ЦиП. Показания из МС загружаются на тарифную зону День при установленном счетчике с тарифной зоной Сутки
708986,[МОЭСК]#HD1034550 При отмене в ЦК статус заявки меняется на Не исполнено.
691095,[МОЭСК] #HD 4209 Необходимо предусмотреть возможность прикрепления фото (напр. – платежного документа) при оформлении отмены заявки на ограничение через ЦК
725573,[МОЭСК МС] Тестирование и отгрузка обновлений заказчику
814739, [МРСК Центр] #1903394 Ошибка поиска номера ПУ в распознавании ПАУК
678127,"МРСК Центр #HD1289537, 1056318 Не совпадают время на фотографии и в отчете"
672506,[МОЭСК] #HD982944 В Кис Баланс пропала информация о фактически снятых показаниях
603097,"Центр. МС. (SD 937778) Не вносятся показания, пишет ""невозможно внести изменения в маршрут"""
735826,[МРСК СЗ] #HD52732 Назначение заданий по маршрутным листам в Диспетчере МС
570185,МРСК ЦиП и Центра. (SD 1285532) При составлении акта КСП в мобильном приложении неправильно отображаются предыдущие показания
687165,[МРСК ЦиП и Центр]. Техническая поддержка 10.2022
799818,[МРСК Центр] После замены ПУ из SAP не подтянулись данные по ПУ в АРМ Диспетчера
721702,[МРСК СевКав] #HD51952 В ЛКК Не работает функционал администратора
660716,МРСК СК ЛКК. Анализ отсутствия возможности редактировать карточки сотрудников в АРМ
707935,[МРСК ЦиП и Центр]. Техническая поддержка. Анализ 12.2022
640013,МОЭСК (SD 945410) При отправлении учетной записи в ЦК возникает ошибка
594621,МОЭСК. Отсутствуют связанные документы.(SD 876072)
610589,МРСК СК (HD 47068) В АРМ Диспетчера подтвержденные показания не импортировались в АИС OmniUS
609107,МРСК СК (HD 47007) Ошибка: АНД и АИП подтверждаются автоматически
677122,МРСК ЦиП #HD1091162 Некорректное отображение точек учета в АРМ диспетчере
609790,МОЭСК (SD 898296) При формировании Акта недопуска в ЦК по заявке с двумя ТоП прилетает только один Акт недопуска с одной ТоП
700867,[МРСК ЦиП] #1407596 Некорректно занесли строки заданий в внеплановые работы
775096,[МОЭСК МС] #HD 1132727 Некорректно работает приложение LocalDB
642859,МОЭСК ( SD 948811) В цифровом контролере не отображаются бланки
535821,МРСК СевКав. HD. Проблемы с синхронизацией (Внутренний баг)
513930,Казань. МС.  Не корректное построение графиков выполненных работ в разделе статистика АРМ Диспетчера.
682950,МРСК Центр #HD1325063 Не загружаются плановые работы в ПАК МК с помощью шаблонов Excel
591051,"Казань. МС. Корректировка построения отчета ""Статистическая информация по работе персонала"""
811293,[NE NF] Россети СЗ. Проведение обновления 17.08.2023 (ОТТ)
618334,МОЭСК (SD 909927)  В ЦК не видно бланка акта проверки и роторных пломб
761706,[МОЭСК МС] #1119467 В системе ЦК появились доп. поля при формировании актов
539235,"МРСК ЦиП и Центра. АРМ Диспетчер. Маршруты находятся в статусе ""Назначен"" вместо статуса ""Передан"" (Whatsapp 02.09)"
671818,[МОЭСК] #HD987231 В мобильном контролере не отображается бланк 204452
687829,"[МРСК СевКав] #HD50707 Зависание в документе ""Корректировка НСИ вне строк"""
762839,[МРСК СевКав] #HD54378 Ошибка: API передает не верные данные
606047,[КСК МС] (СК00-00315688) Не формируется отчет план и фактически выполненная работам по точкам
584483,МОЭСК. МО не выгрузились показания. (SD 855335)
783124,"[МОЭСК МС] Участие в совещание по проблеме работоспособности приложения ""Цифровой контролер"" с СЭК"
619619,МРСК Центр. Сбои в работе отчетности в ПАК МК (письмо от заказчика)
699549,[МРСК Центр] #1403453 Отключить ЛС в АРМ
723337,[МРСК Центр] #HD1507253 Некорректный адрес ТУ
566356,МРСК ЦиП и Центра. Создание Общего РЭС Владимирэнерго
604127,[МОЭСК NE МС]. Ошибки при проверке операций ctrl+alt+shift+actions. Отправить в Цифровой контролер.
681660,"МРСК Центр #HD 1283765 При экспорте в Excel отработанных маршрутов в колонке ""Выполнено всего"" проставляется 0"
693083,[МРСК СевКав] #HD50607 Пропадает узел сети для выбора в обходчике при корректировке НСИ
563145,МРСК СевКав. HD. Пропали старые маршруты. (задача по письму)
796126,"[КСК МС] ТП. 07.2023. Предоставление прав доступа, смена пароля/восстановление доступа "
764599,[МРСК Центр] #1696828 Не интегрировались показания в SAP
789187,[МРСК ЦиП] #1793255 Не загрузились подтвержденные задания в Омниус из ПАК МК
809017,[МОЭСК МС]. Техническая поддержка. Мониторинг 08.2023
768414,"[МОЭСК МС] #HD 1129410 В АРМ Диспетчера в отчете по выполненным работам в столбце 24 ""Показания установленного ПУ"" не выводятся значения."
710356,[МОЭСК МС] #HD 1040891 Некорректное отображение активности УП при возобновлении через ЦК
551547,МРСК ЦиП и Центра. Некорректное отображение статуса маршрута в АРМ Диспетчере (Whatsapp 06.10)
678299,"МОЭСК #HD989325 Необходим анализ столбца ""Принят"" в АРМ диспетчере"
692563,[МРСК Центр] #HD1370742 Ошибка загрузки шаблона
772508,[МРСК Центр] # 1725364 Нет доступа к АРМ диспетчера
681460,"[МОЭСК] #HD1000471, 1000400 Массовая проблема с МО, нет возможности войти."
671181,[МОЭСК] #HD986945 В итоговые значения не попали показания ПУ
715766,[МРСК СевКав] #HD51702 Ошибка: В АРМ Мобильный Агент не выгружаются печатные формы отчетов
677305,МРСК Центр #HD1178228 В ПАК отображается неверный прибор учета по коду ТУ
679194,"МРСК Центр #HD1301334 Ошибка при сохранении акта ""Отсутствуют поля ввода показаний ПУ. Сохранение невозможно"""
777694,[МРСК Центр] #1748317 Выгрузка примечаний из БД по отказам от выполнения
669028,[МОЭСК] #HD983952 Заявка на ограничение по ФЛ отработалась актом КСП
593910,МОЭСК. Не отображаются выданные пломбы. (SD 875452)
777549,"[МОЭСК]#HD5026 Запрос на изменение ""Новое поле в КИС Баланс для отображения участка, к которому прикреплен пользователь в ЦК №5026"""
726916,[МРСК ЦиП и Центр] #HD 1525823 выгрузка примечаний ко всем выполненным в 2022 году работам
642907,"[МОЭСК][SD 949643] Маршрутные листы, сформированные через «Задание на выполнение работ», не полностью интегрировались в САП."
729693,[МРСК СевКав] #HD52390 Необходимо применить обновление мобильных сервисов на тестовую базу
541185,МРСК ЦиП и Центра. Техническая поддержка 1 линия. 09.2021
699385,[МРСК СЗ] #HD50895 Как обновить отчеты на тестовой версии мобильных сервисов
542208,МРСК ЦиП и Центра. При подгрузке шаблона импорта плановых работ подгружаются не все точки из списка (SD 2651281)
789655,"[МОЭСК МС] #HD1157648 В акте недопуска в поле ""Описание"" выпадающий список соответствует акту безучетного потребления"
604333,МРСК ЦиП (SD 945552) В ЦК в задании не отображаются адрес и наименование потребителя
796185,[МРСК ЦиП и Центр]. Техническая поддержка. Мониторинг 07.2023
554669,"Казань. МС. Переименование формулировки ""test"" на рабочей БД и рабочем АРМ. Создание тестовой среды АРМ."
762343,[МРСК СЗ] #HD54300 Из мобильных сервисов не попали данные 
579522,МРСК СевКав. HD-45781  Ошибка: Маршрутный лист на контрольный обход не передается в АИС МС
714745,[МОЭСК МС] #HD1040891 Некорректное отображение активности УП при возобновлении через ЦК
733441,[МРСК СевКав] #HD52595 Ошибка в работе синхронизации справочников (localdb). Не выполняется авторизация пользователя в мобильном приложении в разделе справочники.
742655,[ВОЭК] #HD53188 закрыть мл 27.02.23
809506,[МРСК ЦиП и Центр]. При формировании отчета скачивается битый файл: (Внутреннее)
731585,[МРСК СевКав] #HD52533 Ошибка: В АРМ Диспетчера в форме подтверждении задач
728681,[МОЭСК МС]. Тестирование и отгрузка обновлений.
658808,МРСК СК ЛКК. Некорректные данные по заданию
554644,МОЭСК. МС. Решение проблемы с синхронизацией данных
811294,[NE NF] Россети СЗ. Подготовка дайджеста к обновлению к 17.08.2023
707816,[МОЭСК МС] #HD 4385 Необходимо доработать интерфейс АРМ диспетчера в части отображения всех выполненных заданий.
807811,[МРСК ЦиП] #1874034Не загрузились лицевые счета в АРМ Диспетчера
640017,"МОЭСК (SD 945458, 945583, 945703) В АИС «КИС Баланс» не приходят выполненные задания через ЦК."
707893,"[КСК МС] ТП. 12.2022. Предоставление прав доступа, смена пароля/восстановление доступа "
678596,МРСК ЦиП #1303591 Нет возможности сохранить маршрутный лист в АРМ диспетчере
784111,[МС] Россети ЦиП. Проведение обновления к 13.06.2023
541787,МРСК СевКав. HD-42808 Соисполнитель выполнивший работы не показывается как автор акта
803488,[МРСК Центр] #1853067 Ошибка при загрузке внеплановых работ
548677,МРСК СевКав. HD-43252 Не верно отображается информация по общему количеству ТУ в диспетчере
628575,"МОЭСК. (SD 628575) Информация (номер и дата уведомления на отмену), введённая в отмене заявки на ограничение через ЦК не импортируется в Омнис "
591230,МРСК ЦиП. Проблемы в интеграции в Омнис (по письму 27.01)
703464,[КСК МС] СК00-00381234 Отключенный ЛС попал в формировании задания
577533,"МРСК СевКав. HD-45654  Ошибка отработки регламентной процедуры ""OmniUS. 20 Сбор данных из мобильных сервисов"""
706291,[МРСК СевКав] #HD51243 Job OmniUS. 20 Сбор данных из мобильных сервисов не выполняется
776398,"[МРСК Центр] #1692855 Вылетает приложение ПАК ""Мобильный контролер"""
756964,[МРСК ЦиП и Центр]. Техническая поддержка. Анализ 04.2023
680579,[ЦиП]. Некорректное заведение пользователей через АРМ
794384,[КСК МС] Обновление тестовой БД. Тестирование. 
804645,[МОЭСК МС] #HD1176757  В разделе подтверждение задач не отображается выполненная строка
755055,[КСК МС] #СК00-00416392 Показания не интегрировались в энергобиллинг ЛС 4500312145 
765222,[МРСК ЦиП] #1699369 Не отображаются ранее добавленные ТУ в маршруте
729990,[МОЭСК МС] #1072270 Разные статусы заявок в АРМ и КИС Баланс
678025,МРСК Центр #HD1222213 Необходимо отключить ТУ заказчика
702989,[МРСК ЦиП] #1419148 Удалить неактуальных пользователей в АРМ
735450,[МРСК ЦиП МС] #1562856 В Омнис не отображается замена ПУ 
813065,[МОЭСК МС] #1190301 Акты по заявкам на ограничение не отражаются в Омнис
607663,[КСК МС] (СК00-00316909) Ошибка при выгрузке отчетов при работе в приложении АРМ Диспетчер
633486,МОЭСК (SD 936214) Ошибка авторизации в ЦК
677001,"МРСК Центр #HD1290706, 1296325, 1293403, 1296473, 1296586,1296883, 1298067 Некорректно назначается исполнитель при формировании маршрутных листов"
743496,"[КСК МС] ТП. 03.2023. Предоставление прав доступа, смена пароля/восстановление доступа "
815850,[МРСК СЗ] #HD56983 не устанавливается ПО Мобильный обходчик
815701,[МРСК СевКав] #HD56979 Ошибка синхронизации АИС Мобильный обходчик с АИС Мобильные Сервисы
616934,Казань. МС. Демонстрация новых МС
766801,[МРСК Центр] #1705029 Отключить ТУ и ЛС выведенные из SAP
612487,"МОЭСК ( SD 902405, 902577, 902464, 902577, 902512, 902464, 902216)  Показания с ЦК не переносятся в АИС КИС Баланс."
641979,МОЭСК (SD 948280) Некорректный импорт в КБ актов на ограничение
805209,[МРСК СевКав] #HD56450 Ошибка: В АРМ Диспетчера АИС МС отсуствует фотография по Акту (Черный экран)
542360,МРСК ЦиП и Центра. Необходимо учитывать РЭС при импорте Плана по РЭС (Внутренняя задача)
680125,"[МОЭСК] #HD4199 Запрос на изменение ""Необходимо настроить возможность вывода столбца «Потребитель» в списке актов замен средств учета. №4199"""
674354,МРСК СК ЛКК. Ошибка 500 при определенных действиях
783082,[МОЭСК МС]. Техническая поддержка. Анализ 06.2023
648180,"[КСК МС] ТП. 07.2022. Предоставление прав доступа, смена пароля/восстановление доступа"
770168,"[КСК МС] ТП. 05.2023. Предоставление прав доступа, смена пароля/восстановление доступа "
707673,"[МОЭСК МС] #1038013 В АРМ диспетчере не заполняются поля ""Дата проверки"", ""Причина отклонения"", ""Разница показаний"""
592600,Казань. МС (СК00-00306663) В программу Энергобиллинг не садятся фото с показаниями после контрольного обхода.
798627,[МРСК Центр] #1831331 Необходимо удаление строк ТУ в АРМ Диспетчера
598736,МОЭСК. В КБ Акт пришел со статусом: Не возобновлено. (SD 882344)
680183,[МРСК СевКав] #HD50003 Ошибка: Длительное зависание АИС Мобильные сервисы
689950,[КСК МС] #HD СК00-00372806 Не сели показания в Энергобиллинг 
583523,Казань. МС. СК00-00299719. Загрузить пользователей.
795568,[МРСК Центр] #1820316 Не сохраняются фото после работы 29.06.2023
695908,[МРСК СевКав] #HD50731 Ошибка: В АРМ Диспетчера в разделе подтверждения задач не отображается часть выполненных задач
570366,МРСК ЦиП и Центра. (SD 1287828) Необходимо отключить точки учета.
533844,Казань. МС. Необходимо загрузить базу данных мобильный обходчик данными НСИ из 1С Энергобиллинг по 2 РЭС (СК00-00269001)
782336,[МРСК ЦиП] #HD1729515 Не формируется реестр показаний для ГП при запуске отчета. Отработка замечаний.
558835,"МРСК СевКав. HD-43861  Консультация по алгоритму работы регламентной процедуры ""OmniUS. 20 Сбор данных из мобильных сервисов"""
742551,[МОЭСК МС] #1089298 В АРМ при замене фотографий требует заполнить обязательные поля
766138,"[МОЭСК МС] #1125775, 1124777 Дубли строк в отчете по выполненным работам в АРМ Диспетчера"
809359,[МРСК ЦиП и Центр]. Ошибки в создании и отправке в маршрутном листе  : (Внутреннее)
673185,[МОЭСК МС] Тестирование и отгрузка обновлений заказчику до версии МЛ
772122,[МРСК ЦиП] #HD 1716827 После сохранения акта некорректно сохраняются введённые данные
801039,"[КСК МС] #HD СК00-00450523 Необходимо доработать в отчетной форму ""Отчет о количестве выполненных заданий"" добавить информацию о ручном вводе контрольных показаний"
799757,[МРСК СевКав] #HD56195 Ошибка: В ЛКК в отчете по выполненным работам отображаются обходы по маршруту который не попадает в диапазон построения отчета
524902,МРСК СевКав. HD-41860 Ошибка: В МЛ не открывается карточка абонента
701780,[МОЭСК МС] #HD1029165 1028997 Выполненные задания не импортировались в КИС Баланс из АСУ МБ
597434,МРСК ЦиП и Центра. (917540) Ошибка при подтверждении маршрута
771558,[МРСК ЦиП] #HD1723509 При загрузке планов на май произошла разница в количестве абонентов
551042,МОЭСК. HD-43424  Некорректное отображение статуса маршрута в Омнис (SD 814121)
789704,"[МОЭСК МС] Зависания приложения ""Цифровой контролер"""
707719,[МОЭСК МС] #1038011 Данные в АРМ диспетчере не обновляются при редактировании. 
761248,[МРСК СевКав ЛКК] #HD54135 Ошибка: Не загружаются фотографии в АРМ ЛКК
552045,МОЭСК. HD. Не удается установить новую версию приложения на телефоне (Задача по письму)
671767,[МОЭСК] #HD986989 Не отображается бланк
744298,[МРСК СЗ] #HD53261 Ограничение обмена с планшетами 8 МБ
744315,"[МОЭСК МС] #1089096 Реестр строк заданий, которые были подтверждены после истечения срока маршрутных листов"
636869,"[КСК МС] ТП. 06.2022. Предоставление прав доступа, смена пароля/восстановление доступа"
700810,[МРСК СевКав] #HD50982 Ошибка: В АРМ Контролера не выполняется задание
657965,[МОЭСК] #HD969916 Ошибка при создании маршрутного листа на ограничение
698490,[МОЭСК МС]  Подготовка регламента по договору ТП
753362,[МРСК ЦиП] #1643594  Не соответствие данных НСИ в АРМ и SAP
805908,[МОЭСК МС] #HD1179192 ПУ из справочника КИС Баланса не отображается в ЦК
550225,МРСК СевКав. МС. Отгрузка обновлений МО и АРМ. 10.2021
720797,[МРСК СевКав] #HD51917 Доработка мобильных сервисов раздела контрольного снятия показаний (ЗИ №73)
628442,МРСК ЦиП. Не формируются резервные копии БД.
540042,Казань. МС. СК00-00272709. В мобильном приложении не корректно отображается статус потребителя.
760883,[МОЭСК]#HD1118310 Не загружается отчет  Сравнительный анализ показаний РОССЕТИ МР с МЭС / ЭСК / ТСО
723863,[МС] РусГидро. СКРМО. Этап №01. Проектирование. Подготовка к совещанию 19.01.2023
686600,"[МРСК ЦиП] #SD1342777 Неактивна кнопка ""Запустить отчет"" при выгрузке отчета"
811416,[МРСК Центр] #1881379 Ошибка файла при выгрузке отчетов из основных филиалов
628526,МОЭСК. При заборе данных из МС формируется данная ошибка
723005,[МОЭСК МС] #HD1058630 Некорректный статус заявки на ограничение
709754,[АО «Россети Янтарь»] #HD51400 Не запускается АРМ Диспетчер
780782,[МОЭСК МС] #HD5070 Необходимо реализовать возможность запуска отчета СУ-6 «Реестр заявок 522 для загрузки в СТДО» через АРМ Диспетчера в разделе Отчеты
721449,"[МОЭСК МС] #3975 Необходимо добавить в справочнике ""Типы прикрепленных документов"" тип ШПИ"
811156,[КСК МС] Обновление тестовой БД (и/или рабочей БД). Тестирование. Август 2023
646610,"МОЭСК (SD 954949, 954903) Синхронизация завершается с ошибками"
710960,"[МОЭСК] #HD1025546, 3308 Необходимо в акте на возобновление сделать обязательным тип ""Место разъединения"""
809054,[МРСК Центр]. Техническая поддержка. Мониторинг 08.2023
703459,[КСК МС] СК00-00381245 Не выгружаются все показания с мобильного обходчика
804069,[МОЭСК МС]  Обновление по безопасности для проведения ПСИ на стенде разработки Заказчика
771588,[МРСК Центр] #1714878 При синхронизации вылетает программа ЦК
755475,[МОЭСК МС] #4835 Необходимо добавить новую категорию маршрутного листа «Восстановление опроса»
585395,Казань. МС. СК00-00301567. Загрузить пользователей.
575664,"МРСК СевКав. HD-44572 Ошибка отработки регламентной процедуры ""OmniUS. 21 Синхронизация справочников в Мобильный сервис"""
764751,[МРСК Центр] #1697932  Не выгружаются баллы важности за период март 2023 год
738394,[МРСК ЦиП] #1574851 Не загрузился акт без учётного потребления в Омнис
769430,[МОЭСК МС] Добавление возможности самодиагностики системы ЦК
606098,"[ЕЕ PЕ] МРСК СК. Ошибка при выполнении операций Отправить в мобильные сервисы, Отправить в  ЛКК"
604147,"[МОЭСК NE МС]. Ошибки при проверке операций ctrl+alt+shift+actions. Установить/снять ""Класс фидера""."
666371,АО Янтарьэнерго #HD48044 Трудооценка. При удалении маршрутного листа в OmniUS не происходит его удаление в АРМ Диспетчера и Mobnius
657805,[МРСК СевКав] #HD48991 Не отрабатывает регламентная процедура OmniUS. 20 Сбор данных из мобильных сервисов
600645,МОЭСК (SD 884874) Нет возможности посмотреть сколько показаний прогружено через мобильный обходчик.
705067,[КСК МС] #HDСК00-00380124 При переходе из МО в Энергобиллинг СК  показания от однофазного сели на 3х фазный 
811169,[МРСК СевКав] #HD56673 Задвоения в точках обхода в маршрутных листах
686478,[МРСК СевКав] В мобильном приложении не отображаются пустые маршрутные листы
690970,[МРСК ЦиП]#HD1363259 При проведении замены ПУ коэффициент и трансформаторы меняются
634826,[КСК МС] (СК00-00336237) В мобильном приложении не отображаются пломбы
546638,МРСК СЗ. HD-43139 Коми. Пломбы
592617,Казань. МС. (Письмо) Отсутствие потребителей при создании маршрута.
697219,[МРСК СевКав] #HD50791 Ошибка: Некорректно выполняются замены с помощью ПК Мобильный Обходчик
636851,[МОЭСК МС]. Техническая поддержка 06.2022
671392,[МОЭСК] #HD987118 Исполнитель не видел назначенный МЛ в ЦК
615218,[МОЭСК NE]. Техническая поддержка 04.2022
775172,[MC] Россети Урал. Консультация Белозерцева А.Ю. (присутствие с 15 по 16.05.2023)
656425,[КСК МС] #HDСК00-00351491 Не работает фильтрация столбцов в разделе назначения заданий в АРМ Диспетчера.
16936,МРСК С-З. Задача #19596 «Псковэнерго. Синхронизация»
691499,"[МОЭСК] #HD1013163 Показания не сели в отчет ""Сравнительный анализ"""
673213,[МРСК СК. МС] МСРК СК. Тестирование и отгрузка обновлений. МЛ
693990,[МРСК ЦиП] #1376566 Отсутствует возможность загрузки работ с шаблона
814607,[МОЭСК МС] #1192916 В ходе достоверизации НСИ в ЦК в БД обнуляется дата поверки
747886,[КСК МС] #СК00-00410078 Не отображается детализация контрольного съема
687186,"[МРСК ЦиП] #HD1343924 Отсутствует полный список РЭС у филиала ""Удмуртэнерго"""
810772,"[МРСК СевКав] #HD56641 МЛ на инвентаризацию ТП не закрывается не смотря на то, что окончен"
550517,МРСК ЦиП и Центра. Не сохраняется информация о снятии ТТ/ТН
751447,[МРСК СевКав] #HD53630 Ошибка: при замене прибору учета в мобильном приложении Мобильный обходчик у нового ПУ отсутствует графа с вводом показаний
743480,[МОЭСК МС]. Техническая поддержка. Анализ 03.2023
666087,[КСК МС] Подключение к мобильному устройству заказчика
730830,[МОЭСК МС] #4552 Необходимо доработать возможность добавления pdf-файлов для выполненных работ по замене и допуску ПУ.
798401,[МОЭСК МС] #5240 Необходимо добавить в АРМ Диспетчер вывод информации о категории персонала
711498,[МРСК СевКав] #HD51488 В лкк не работает раскрывающийся список
541132,МРСК ЦиП и Центра. Возникают ошибки при синхронизации (Внутренний баг)
786769,[МРСК ЦиП] #HD 1781853 При планировании работы нет возможности оформить акт монтажа
566789,"МРСК ЦиП и Центра. (SD 1276003) Отчет ""Результаты расчёта риска безучётного потребления"" выгружается пустым"
769781,[МОЭСК МС]. Тестирование и отгрузка обновлений.
728683,[МОЭСК МС]. Тестирование и отгрузка обновлений.
605787,[МОЭСК NE]. Техническая поддержка 03.2022
800710,"[МРСК СЗ] #HD56225 В Омнис маршрут выполнен, в Т.У. нет Акта замены и нового ПУ"
540025,Казань. МС. Ошибка изменения привязки с правами Администратора (СК00-00272703)
519991,"МРСК СевКав. HD-40700 Консультация по отработке регламентной процедуры ""OmniUS. 21 Синхронизация справочников в Мобильный сервис"""
748546,[МРСК ЦиП] #1622078 У пользователя возникают ошибки после загрузки шаблона НСИ
761570,[МРСК ЦиП] #1683475 Ошибка отображения карты при увеличении масштабирования
663515,"[МОЭСК МС] #HD976423, 976428 Акты инструментальных проверок не импортировались в Кис Баланс"
756974,[МРСК СевКав] Техническая поддержка. 04.2023
804749,[МРСК ЦиП] #1859196 Не выгрузились показания со всех ПУ в программу Конус
791518,[МРСК ЦиП] HD#1804064 В результате загрузки шаблона НСИ произошло задвоение ФЛ
680998,[МОЭСК] #HD 4209 Необходимо выбор тарифной зоны и показаний по установленному ПУ в акте замены в ЦК сделать обязательными
683471,МРСК Центр #HD1322100  Не осуществляется выгрузка в Excel плана по РЭС
669622,"[МОЭСК] #HD983783, 983952,  Не сформировались акты на ограничение в Омнис"
651723,МРСК СК ЛКК. Некорректное отображение результатов в разделе Подтверждение
663995,[МОЭСК] #HD976988 Не меняется статус заявки при ограничении через ЦК
631883,МОЭСК (SD 931102) В акте на возобновление отсутствует ТоП во вкладке Объект
632998,[КСК МС] (СК00-00334627). Мероприятия по минимизации возможных угроз информационной безопасности для веб-приложений АО «Сетевая компания»
537163,МОЭСК. HD-42644  Наблюдается резкое снижение по кол-ву ПУ по которым не было контрольного съема показаний более года на сентябрь (SD 792861)
687779,"[МОЭСК] #HD 1004752, 1002591, 1004615 Не проходит синхронизация на мобильном устройстве"
634989,"[КСК МС] (СК00-00336313) При оформлении отказа от выполнения и последующем снятии контрольных показаний отображаются фотографии, сделанные при отказе "
796954,[МОЭСК МС] #5136 Необходимо реализовать отображение заявки SAP в Цифровом контролере
719275,[МРСК СевКав] #HD51857 Ошибка: В АРМ Мобильный Агент в отчете за декабрь отображаются только 9 контролеров
776923,"[NE] Россети Урал. Провести демонстрацию возможности ввода показаний в ""Маршрутном листе"""
548903,МОЭСК. HD.  Поиск расхождений разницы между базами заказчика и нашей. (Внутренний баг)
647543,ЦиП. НИОКР. Трудооценка доработок
658972,"[МОЭСК] #HD970449  В МО отображаются номера бланков, которые не выдавались сотруднику"
551236,МРСК ЦиП и Центра. МС. ТП. Консультации заказчика.
553259,"МОЭСК. HD-43556 При формировании Акта допуска нет возможности сохранить фото с типом ""Новый ПУ"" (SD 818412)"
532706,"МОЭСК. HD-42426 При занесении инструментальных проверок через цифровой контролер, почти никогда не притягиваются номера бланков строгой отчетности (поиск не работает). (SD 703331)"
792317,[МОЭСК] #HD5248 По ссылке в «Цифровом контролере» не удается скачать контент
793058,[МРСК СевКав] #HD55955  Переводить показания в недостоверные после 26 числа по ОДПУ МКД в клиенте ЮЛ (ЗИ №83)
751790,[МРСК СевКав ЛКК] Настройка тестового омнис Заказчика на тестовый стенд МА
805393,[МОЭСК МС] #1177046 Выполнить импорт подтвержденных актов в Омнис
18270,МОЭСК. Задача #19670 «МЛ - маршрутный лист не переходит в стаутс Исполнен»
709604,[МОЭСК МС] #1039650 Не работает отправка отбивок об успешной/не успешной записи данных из АСУ МБ
736479,[МОЭСК МС] #1080332 После обновления в ЦК пропала строка поиска пломбы
527909,"Казань. МС. Новые РЭС загрузились, но в программе не видим потребителей (задача по письму)"
766154,[КСК МС] # СК00-00424996 Показания из Мобильного обходчика приходят с суммирующей шкалой
544672,Казань. МС. У пользователя Мухаметзянова Альбина Рашитовна <MuhametzyanovaAR> в АРМ диспетчера не работают отчетные формы (СК00-00275679)
657935,[АО Янтарьэнерго] #HD49008 Изменение наименования предприятия
778695,"[МРСК ЦиП] #HD1752039 Необходимо произвести  выгрузку Примечаний из ""Мобильный контролер"""
701389,[МОЭСК МС] #HD1023512 Не импортировались акты в Кис Баланс 
666099,[КСК МС] #HDСК00-00358521  Дублирование показаний контрольного обхода
756207,"[МОЭСК МС] #1111065 При заведении ИП в МК выбрал не бланк ИП, а Акт съема показаний."
806254,[МОЭСК МС] #HD1179777 После редактирования и подтверждения акта в КИС Баланс импортируются изначальные показатели
758864,"[МОЭСК МС] #4858 Необходимо в Отчете по выполненным работам скорректировать критерий ""Дата выполнения с...по..."""
83398,МРСК С-З. Задача hd 22982 «Архэнерго. Ошибка передачи пакета. Таборский П.С. (ПинРЭС)»
792236,[МОЭСК МС] localdb сервис не удаляет temp файлы.
672875,[МРСК СЗ] #HD49672 В АРМ Диспетчер маршруты на допуск ПУ с неверным сроком действия
656334,[КСК МС] Обновление МС
640784,ЦиП. НИОКР. Перенос функционала на продуктивную среду
693038,[МРСК СевКав] #HD50600 Ошибка: некорректное отображение фотографии в арм диспетчере (черный квадрат) 
639846,МОЭСК. Не связался МЛ.(SD 944966)
761227,"[МОЭСК] #HD1118235, 1118516 Ошибка 401 при отправке маршрутного листа в АСУ МБ"
793010,[МОЭСК МС] #HD 5175 Необходимо скорректировать логику отработки статуса показаний
658269,МРСК СК ЛКК. Анализ проблем и коммуникация с заказчиком
736104,[МРСК СевКав] #HD52760 В ЛКК не создаются новые работники
634830,АО Янтарьэнерго #HD48045 Проблема с отображением выполненных заданий у соисполнителя
673624,[МОЭСК] #HD988830 Не прогрузились показания при КСП ЮЛ.
641316,МОЭСК (SD 939965) Ошибка авторизации в мобильном обходчике
733860,[МРСК СЗ] #HD52625 Коми. Мобильные сервисы v4.1130.989. Акт недопуска из АРМ Диспетчера не попадает в ОМНИС
726385,[МРСК СевКав] #HD52220 Исправить даты действия маршрутов отправленых в Мобильный Агент ГПХ
738402,[МРСК СевКав] #HD52905 Невозможно войти в ЛКК
805455,"[МОЭСК МС] #1177941 При формировании акта ""Проверка соответствия данных"" нет возможности изменить схему сети"
569473,МРСК ЦиП и Центра. Ошибка в изменении логина
780843,[МРСК ЦиП] #1760266 Не загружаются маршруты в АРМ Диспетчера
790278,[ВОЭК] #HD55748 Отсутствуют выполненные задания за 13.06.23
513943,Казань. МС. Не корректное определение местоположения обходчика на карте в АРМ Диспетчера
736541,[МОЭСК МС] #1077237 Некорректный статус заявок на возобновление
813494,"[МРСК ЦиП] #1896842 В выгружаемом отчете нет ни одной работы, выполненной через функцию ""Распознавание"""
670050,[МОЭСК] #HD 985080 Отсутствует информация о исполнителе и фотографии за 25.08.2022
568463,МРСК ЦиП и Центра. Подтвержденные показания не попали в SAP
633001,МОЭСК. Функционал по ограничению ээ: дата и номер акта не попадают в отчет Реестр ограничений-возобновлений.(SD 881023)
545050,МРСК ЦиП и Центра. Обновление мобильных сервисов (22.09 - 23.09)
558507,МРСК ЦиП и Центра. По МРСК Центр массово не передались показания за 22.10-25.10
555655,МРСК ЦиП и Центра. Не работает сервис построения маршрутов.
532726,"МОЭСК. HD-42429 Запрос на изменение ""Необходимо провести анализ даты поверки ПУ"" ( SD 2934)"
783091,[МРСК ЦиП и Центр]. Техническая поддержка. Анализ 06.2023
791492,"[МОЭСК МС] #HD5206 Нет возможности сохранить акт замены ПУ в приложение ""Цифровой контролер"""
512161,"Казань. МС. В Двухтарифных счетчиках, в биллинг почему-то уходит только дневное показание, ночного нет."
657884,[КСК МС]  В отчете о количестве выполненных заданий не отображается информация в столбце « Дата подтверждения показания в АРМ диспетчера»
516870,МРСК СевКав. HD-42559 Требуется консультация по работе JOB в мобильных сервисах
681015,[МРСК СЗ] #HD50028 Ошибка в задании Синхронизация справочников в Мобильный сервис
678074,МРСК ЦиП #1295698 Необходимо отключить ошибочную ТУ
742802,[МОЭСК МС] #4671 Необходимо в документе «Акт недопуска» разделить причины недопуска для физических и юридических лиц.
772128,"[МРСК СевКав] #HD54816 Настройка прокси сервера для API, разработка тест кейсовдляФриссон"
740558,[КСК МС] #СК00-00405278 Не соответствие номера ПУ в АРМ и Энергобиллинге
679214,МРСК ЦиП #HD1067958 1278617 В БД ПАК МК не совпадает номер договора и потребитель при совпадении номера ПУ и кода ТУ.
727426,[МРСК СЗ] #HD52255 Omni-US.Ошибка при отправке маршрутного листа
647331,"МОЭСК (SD 955821, 955785, 955891) Не работают мобильные сервисы"
753339,"[МРСК ЦиП] #1641998 У потребителя отображается старый ПУ в реестре по ГП, показания по новому"
542200,"МОЭСК. HD-42861 Необходимо настроить отчет так, чтобы в нем указывалась фамилия именно того, кто снимал показания. (SD 785768)"
683686,[МОЭСК МС] #HD1003442 Не все строки заданий отправились в ЦК
686546,[МРСК ЦиП] #SD 1339659 Маршрутный лист не импортируется в МК после изменения у него даты окончания
701107,ЦиП и Центр. МС. Тестирование и отгрузка обновлений заказчику
553537,"МРСК ЦиП и Центра.  При добавлении в маршрут внеплановой работы, не появляется метка о её включении в маршрут (Whatsapp 12.10)"
578650,МРСК ЦиП и Центра. Слетает значение управления при выборе Исполнительны аппарат в АРМ Центра
782998,"[КСК МС] ТП. 06.2023. Предоставление прав доступа, смена пароля/восстановление доступа "
801995,[МРСК СЗ] #HD56308 Консультация. МС снятие пломб при инструментальной проверке
674310,[МОЭСК] #HD990581 Нет возможности Маршрутный лист отправить в ЦК.
621340,АО Электросеть (Междуреченск). Ошибки при проверке операций ctrl+alt+shift+actions. Отправить в мобильные сервисы.
802858,[МОЭСК МС] Тестирование и отгрузка обновлений 06 августа 
700290,[МРСК СевКав] #HD50955 Не удалять завершенные маршруты ТП до завершения срока исполнения (ЗИ №70)
595638,Казань. МС. Вопрос по статусам
699564,[МРСК СевКав] #HD50926 Ошибка: Показания полученные из мобильных сервисов записываются в АИС OmniUS на общий участок
695468,[МРСК ЦиП и Центр]. Техническая поддержка. Анализ 11.2022
791765,[КСК МС] Проведение обновления.
677947,"МРСК Центр #HD1300869 Точки, включенные в маршрут, некорректно отображаются в плане по РЭС"
807001,[Россети ЦиП] #HD56521 Повторная загрузка показаний из ПАК МК
543098,"МРСК ЦиП и Центра. В связи с ограничениями которые появились в последних версиях Android необходимо переместить функции(сбор данных о местоположении, состоянии устройства и т.п.) (Внутренняя задача)"
815658,[МРСК ЦиП] #1907081 В АРМ не загружается план по РЭС в разделе маршруты.
811401,[МОЭСК МС] #1188279 Необходимо закрыть все МЛ на учетной записи
755928,"[МРСК Центр] #1656151 Ошибка ""Отсутствуют поля ввода показаний ПУ"
740999,[МРСК СевКав ЛКК] #HD53073 Ошибка: Не сходятся отчетные данные с печатными формами отчетов в ЛКК
787269,[МРСК ЦиП] #HD1784189 Не загружается шаблон по ФЛ
683170,МРСК Центр #HD 1321259 Нет возможности подтвердить выполненные задания в АРМ диспетчере
702270,"[МОЭСК МС] #HD4344 Доработка карточек документов, формируемых в МП на предмет возможности корректировки НСИ Потребителей ЭЭ"
667147,[МОЭСК] #HD 981482 Бланк строгой отчетности не подтянулся к акту проверки узла учета в Омнис
732062,[МОЭСК МС]. Техническая поддержка. Анализ 02.2023
684409,[КСК МС] СК00-00369655 Не интегрировались показания в Энергобиллинг за период с 01.09.2022 по 30.09.2022
729820,[МРСК СЗ] #HD52428 Обмен информации о пломбах между МС и Омнис
557551,Казань. МС. (СК00-00283495) Необходимо поправить отчетную форму
694152,[МОЭСК] #HD 1017137 Не импортировались показания из АРМ диспетчера в Омнис
562107,МРСК ЦиП и Центра. (SD 1261606) Не выгружается (экспортируются) в Эксель планы из раздела Маршруты - вкладка План по РЭС
4420,[РКЦ] ЕРКЦ г.Тверь - ЛК Абонента. Замечания по ЛК
633012,"МОЭСК. Функционал по ограничению ээ: два акта по одной заявке(SD 880475, 898282)"
676262,"[КСК МС] ТП. 09.2022. Предоставление прав доступа, смена пароля/восстановление доступа "
738532,[МОЭСК МС] #1083650 Во вкладке «Подтверждение задач» для подрядчика не отображается наименование РЭС
544946,"МОЭСК. HD-43025 В АРМ Диспетчере сотрудник отображается как ""оффлайн"" во время работы (SD 803451)"
666056,[NE] Янтарьэнерго. Гарантийное письмо. Проработка по вопросам отраженным в письме
615467,МОЭСК (SD 902512) Данные по ИП не приходят из диспетчера
725804,[КСК МС] СК00-00395651 В АРМ не отображаются контрольные показания
549130,"МРСК ЦиП и Центра. МС. Расхождение Плана работ в отчете ""Статистика отработки маршрутов"" и фактического плана. (Whatsapp 30.09)"
685129,[МРСК СевКав] #HD50219 Ошибка: В АРМ Диспетчера в разделе подтверждения задач неверно считается расход
756976,[МРСК СевКав] #HD53936 Не удаётся войти в ЛКК
447498,МРСК СЗ-37040   Ошибка при выполнении операции забрать из мобильных сервисов
528287,МРСК СевКав. HD-42202 Ошибка: При составлении заявки на добавление в маршрут МЛИ отсуствует возможность выбора схемы сети
751453,"[МОЭСК МС] #4778 Необходимо расширить формат отчета по выполненным работам, реализованный в АРМ Диспетчера для пользователей с признаком Подрядчик"
722670,[МОЭСК МС] #1054966 4519 В справочной информации по ПУ отсутствует ЛС МЭС
668916,"[МРСК СЗ] #HD49507, 49491 Коми. Обновление 357. Маршрут на контрольную проверку, в МС неверная дата срок действия маршрута."
615958,МРСК Центр. Не корректно  выгружается отчет по выполненным работам.
717003,[МОЭСК МС] #HD1047908 Необходимо при импорте акта допуска из ЦК проставлять измеряемый показатель АЭ-
634589,МОЭСК (SD 938183) Задвоение пломб в ЦК
728325,МРСК СК ЛКК. Корректировка инструкций согласно доработкам по результатам ПСИ
607621,МОЭСК (SD 865448)   Ошибка: дата выполнения МЛ раньше даты начала обхода
682589,"МРСК Центр #HD1323321 В ПАК МК некорректно формируется отчет ""Результаты расчёта риска безучётного потребления"""
787005,[МОЭСК МС] #HD1153814 В акте проверка соответствия данных нет возможности найти узел схемы сети
607851,"МРСК ЦиП (SD 960008)  При создании маршрута в одном из РЭС, данный маршрут отображается во всех РЭС, включенных в область видимости диспетчера"
598289,"МОЭСК. HD-39731 Запрос на изменение ""Возможность заведения акта без показаний при формировании акта инструментальной проверки"" (SD 2497)"
739460,[ВОЭК] #HD52967 Отсутствуют фотографии и строки выполнения заданий в программе
682630,"МРСК ЦиП #HD1038490 В ПАК ""Мобильный Контролер"" не видно ПУ, который присутствует в Омнис."
770165,[МРСК ЦиП и Центр]. Техническая поддержка. Анализ 05.2023
578097,МРСК ЦиП и Центра. Выгрузка данных
744850,[МРСК СЗ] #HD53282 После синхронизации выполненное задание не попадает в моб. сервисы и становиться не выполненным в МО на МПУ
695528,[МОЭСК МС]. Техническая поддержка. Анализ 11.2022 
695517,[МОЭСК МС]. Техническая поддержка. Мониторинг 11.2022 
719232,[МОЭСК МС] # 1029998 Отсутствует замена ПУ в АИС Кис Баланс
720764,[МОЭСК МС]. Техническая поддержка. Анализ 01.2023
770065,[МОЭСК МС]. Техническая поддержка. Анализ 05.2023
798434,[МРСК СЗ] #HD56134  Синоним dbo.MS_DD_Votes ссылается на недопустимый объект
646002,МОЭСК (SD 954131) Акт инструментальной проверки не импортировался в Омнис
710071,[МОЭСК МС] Размножились типы фото в БД
634828,"[КСК МС] (СК00-00336240, СК00-00337688) Не проходит синхронизация. Разработка плана мероприятий. "
701323,"[МОЭСК МС] #HD4294 Доработать «ЦК» - акт Недопуска, в части выбора причин недопуска из выпадающего списка и закрепить данное окно обязательным для выбора причин в разделе «Описание»"
766870,[МОЭСК МС] #1127448 Акт инструментальной проверки отсутствует в АРМ и не выгрузился в Омнис
658758,"[МОЭСК] #HD970821, 971396 При импорте акта замены ПУ дублируются вложения"
17856,МРСК С-З. МС. Возможные ошибки и доработки по работе МС
623541,МРСК СевКав #HD47602 Периодически перестают работать диспетчер и мобильные сервисы.
694157,[МРСК СевКав] #HD50654 Ошибка при составлении акта Корректировки НСИ в адресе отображается другой город
684544,"МРСК Центр ""Отключенные"" пользователи отображаются в строке ""Исполнитель"""
786814,[МОЭСК МС] Формирование ответа на претензию ФЗ (О проблемах работы в КБ и ЦК)
588626,МРСК ЦиП и Центра. (SD 2729396) 20.01.2022 из ПАК МК в ОМНИУС не загрузились показания.
541093,МРСК ЦиП и Центра. Возникает ошибка при смене тарифной зоны (Внутренний баг)
678323,"МРСК ЦиП #HD1302390, 1302965 Не строится отчет ""Реестр показаний для ГП"""
536672,"Казань. МС. При вводе контрольного показания в мобильное приложение,  данное показание без подтверждения диспетчера интегрируется в 1С Энергобиллинг. (СК00-00270993)"
680455,МРСК ЦиП. Некорректное отображение фотографий в АРМ
807350,[МРСК Центр] #1872508 Ошибка при выгрузке отчета по выполненным работам
566285,МОЭСК. HD. (SD 832601)  В Омнисе отсутствует акт замены ПУ
738913,"[МОЭСК МС] #1083675 В акте ""Замена ПУ"" отсутствует номер и префикс пломбы"
653123,АО Янтарьэнерго #HD48786 Акты инструментальной проверки не сохраняются
678289,"МРСК Центр #HD1263448 При экспорте плана по РЭС не выгружается столбец ""Плановая дата"""
661495,[КСК МС] #HDСК00-00354431 При загрузке показаний указаны неверные даты
739982,"[МОЭСК МС] #1085819 Отсутствует документ ""Проверка соответствия данных "" в Кис Баланс"
652284,МОЭСК (SD 962104) Ошибка при отправлении маршрутного листа в АСУ МБ
735297,[Россети Центр] #1562202 При выгрузке плана по РЭС в файле Excel не отображается фазность ПУ
691482,[МРСК СевКав] #HD50502 Ошибка при составлении акта Корректировки НСИ
681552,[АО «Россети Янтарь»] #HD50061 Ошибка отправки маршрутного листа в мобильные сервисы
804042,[КСК МС] #HD СК00-00451233 Необходимо проверить загрузку фотографий в АРМ
768603,[МОЭСК МС] #4923 В АРМ Необходимо добавить возможность фильтрации столбцов «Номер установленного ПУ»
728044,МРСК СК ЛКК. Проведение обновления после устранения замечаний по результатам ПСИ
783015,[МРСК ЦиП и Центр]. Техническая поддержка. Мониторинг 06.2023
676667,[КСК МС] #СК00-00365099 #СК00-00365253 Отсутствует адрес в мобильном обходчике
2051,[ЛК]Новороссийск. HD-18500 «Не отображается закрытие лицевого счета в личном кабинете потребителя»
738918,[МОЭСК МС] В отчете по выполненным работам отсутствуют номера установленных ПУ
679078,[ВОЭК] #HD49943 Прошу проверить  работу джоба Сбор данных из мобильных сервисов
558464,"МРСК ЦиП и Центра. (Whatsapp 26.10) Невозможно передать маршрут ""Бошкардино 26.10.2021"" исполнителю"
601012,МРСК ЦиП и Центра. (SD 932282) Ошибка при загрузке НСИ
796070,[МРСК СЗ] #HD56065 Коми Мобильный обходчик v846 Пломбы Консультация
749598,[МРСК СевКав ЛКК] #HD53507 Ошибка: Неверно работают фильтр Подтверждено во вкладке Результаты с параметром Пусто
749737,[МРСК СевКав] #HD53520 Куда делись показания из маршрутного листа?
733604,[АО «Россети Янтарь»] #HD52617 Несоответствие номеров прибора учёта в Омниус РЕ и АРМ Диспетчера
695443,[МРСК ЦиП и Центр]. Техническая поддержка. Мониторинг 11.2022
664200,МРСК СК ЛКК. Интерфейс АРМ создает в три раза больше запросов
765910,[АО «Россети Янтарь»] #HD54543 Не работает Отправка в мобильные сервисы
799751,[МРСК СевКав] #HD56196 Ошибка: В ЛКК не корректно работает фильтр по Филиалу
747397,[МРСК СевКав] #HD53404 Ошибка: Доступна возможность удаления (замена) фотоматериалов из акта контрольного снятия показаний после подтверждения оператором
669014,"[МРСК СЗ] #HD49519 Коми. Операция Забрать из моб. сервисов с ошибкой, в. 357"
717632,[МРСК СевКав] #HD51784 Ошибка: В АРМ Мобильный Агент предлагается подтвердить или отклонить одного и тогоже абонента
785565,[МОЭСК МС] #HD1151405 Не импортировался акт на ограничение со статусом «Не ограничено» и подтвержденный в АРМ отсутствует в АИС «КИС Баланс».
713731,[КСК МС] #СК00-00387212 Ошибка при интеграции показаний в ЭБ СК
681004,МРСК Цип #HD1313433 Не импортировались подтвержденные показания с АРМ диспетчера в Омнис
644671,[ЕЕ PЕ] МРСК ЦиП. Не все показания из Мобильного контроллера загружены.
648161,[КСК МС] СК00-00345862 Не подтверждается АКСП. Дублируется в отчете.
645740,[МОЭСК][SD 948965]. функционал по ограничению ээ: некорректное изменение статуса заявки при импорте актов в КБ
728806,[МРСК ЦиП И Центр ] #HD 1535327 В отчете по выполненным работам время отличается от время от подтвержденного Акта
683884,"[МОЭСК] #HD 1002612 1002634 В отчете ""Сравнительный анализ показаний"" не совпадает количество строк заданий с АРМ диспетчером"
750649,"[МОЭСК МС] #1102264 В отчете по выполненным работам некорректно отображается информация в столбце ""Марка установленного ПУ"""
557961,"МРСК СевКав. HD-43828  Ошибка в отработке регламентной процедуры ""OmniUS. 20 Сбор данных из мобильных сервисов"""
750638,[МРСК ЦиП] #1632405  Подтвержденный не прогрузились в Омнис
744190,[МОЭСК МС] #1092358 Невозможно отредактировать акт замены в АРМ диспетчера
621774,МОЭСК (SD 905642) МЛ Выполнен до окончания срока
733374,"[МОЭСК МС] #HD4614 Запрос на изменение ""Необходимо реализовать возможность автоматического отправлении в КИС Баланс МЛ после срока действия. №4614"""
603585,МРСК ЦиП (SD 927619) Не все фотографии выгружаются в отчёт ПАК МК «Реестр показаний для ГП»
556127,МРСК ЦиП и Центра. (Задача по письму 19.10.)Неизвестная ошибка при загрузке НСИ в ПАК
787373,[МРСК СевКав] #HD55517 Ошибка: В акте Корректировка НСИ не работает поиск по схеме сети
784114,[МС] Россети ЦиП. Подготовка дайджеста обновления к 13.06.2023
733378,МРСК ЦиП. Не загрузились показания (по письму от 02.02.2023)
685790,[КСК МС]. МС. 01. Досогласование ЧТЗ
805071,[МОЭСК]#HD5323 (БЕСПЛАТНО) Необходимо скорректировать процедуру передачи показаний в АС УТП
691481,[МРСК Центр] #HD1364938  Ошибка создания пломб
658454,[МОЭСК] #HD970763  АДПУ по 522 не ушли в САП
533314,"МОЭС. HD-42465 Ошибка приложения АИС Кис Баланс, при занесении через мобильный контролер (SD 786615)"
569566,МРСК ЦиП и Центра. (SD 2701069) При передаче от одного обходчика другому пропали пломбы
667485,[МОЭСК] #HD982197  В поисковом окне в ЦК не открывается задание
561113,"МРСК ЦиП и Центра. Некорректно формируется отчет ""Статистика снятия показаний"""
699161,[МОЭСК]#HD1024290 В КБ отсутствуют акты выполненных работ в ЦК.
772327,[КСК МС] СК00-00427327 Не сходятся данные в Сведения о ВКО и план и фактическая работа
642582,АО Янтарьэнерго #HD48385 Консультация по местоположению инспектора
696620,[МОЭСК МС] Подготовка инструкции по обновлению
742492,[МОЭСК МС] #4668 Необходимо реализовать в ЦК разные формы Акта снятия показаний по юр. и физ. лицам
733856,"[МРСК СЗ] #HD52597, 52950 Мобильные сервисы v4.1130.989. Медленная работа приложения"
556920,Казань. МС.  Приложение МО не стабильно работает в режиме офлайн (Задача по письму)
805995,[МРСК СЗ] Техническая поддержка. Мониторинг. 07.2023
683270,[МОЭСК МС] #HD1003169 1002634 1002612 Показания не импортируются в Омнис
602856,"МРСК Центр (SD 930461, 933024, 932850, 932989) Не в полном объёме прошла интеграция из ARM диспетчера в SAP"
684335,[МРСК СевКав] Ошибка при поиске акта по номеру ПУ
629748,"МОЭСК (SD 929360) В МО отображаются номера бланков, которые не выдавались сотруднику"
739595,[КСК МС] #СК00-00404746 Не отображается ЛС при поиске по адресу
658289,МРСК СК ЛКК. Не совпадают id показаний в АРМ
525815,Казань. МС. Необходимо загрузить базу данных мобильный обходчик данными НСИ из 1С Энергобиллинг по 2 РЭС (СК00-00263506)
533747,МРСК СевКав. HD-42480 В МЛИ при выполнении операции создание заявки на добавления в маршрут невозможно найти абонента
541315,МРСК СевКав. HD-42742 Ошибка при попытке отправить маршрутный лист в мобильные сервисы
753699,[МОЭСК МС] #HD 1107846 Работы по замене ПУ не переданы из АРМ Диспетчера в КИС Баланс
659778,"[КСК МС] ТП. 08.2022. Предоставление прав доступа, смена пароля/восстановление доступа"
743510,[МРСК ЦиП и Центр]. Техническая поддержка. Анализ 03.2023
799174,[МРСК СЗ] #HD56169 Коми Мобильный обходчик v846 Бесконечный Loading...
674325,МРСК СК ЛКК. Карты не грузятся при переходе в личный кабинет из приложения.
784207,[NE] ПАО «Россети Северо-Запад» Тестирование и отгрузка обновлений на тестовую БД заказчика по МС
674189,[МОЭСК] #HD990039 Миграция Маршрутных Листов
556024,"МОЭСК. HD-43715  (SD 822432) В Акте допуска ПУ по ТП нет возможности сделать фото с типом ""Новый ПУ"""
746379,[МРСК Центр] #HD 1612137 Выгрузка примечаний за 2022 год
603151,"МРСК ЦиП (SD 940450, 940135) Ошибка при выгрузке контрольных показаний."
811343,[МОЭСК МС] #1187586 В Омнис не отразились изменения
557998,МОЭСК-43848  (SD 825836) При направлении МЛ в ЦК в ОМНИС остается статус утвержден.
761230,[МРСК СевКав] #HD54063 Ошибка интеграция показаний из Моб. Сервисов в АИС OmniUS
805719,[МРСК ЦиП] #1860445 При работе на мобильном устройстве ПАК МК отсутствует лицевой счет и ТУ
643665,МОЭСК (SD 950461) В ЦК у пользователя не видно выданных пломб
544593,"МОЭСК. HD-43007   При попытке открытия акта вылетает ошибка, тогда как ссылка присутствует и если ее вручную скопировать в браузер - фото открывает (SD 796848)"
691530,"[МРСК Центр] #HD1365894 Сбой при выполнении фотофиксации ПАК ""Мобильный контролер"""
656444,"[КСК МС] #HDСК00-00351496 В детализации ЛС не отображаются данные по ""Исполнителю"" и ""Тип обхода"""
677473,МОЭСК #HD995134 Акт на ограничение не импортировался в КБ
641387,[КСК МС] (СК00-00341208) Ошибка при назначении на контролера маршрутного листа
752042,[КСК МС] #HDСК00-00413942 После синхронизации отсутствуют акты в АРМ Диспетчера 
694214,[МРСК ЦиП] #HD1379180 Не выгружают планы работ АРМ
681618,[МОЭСК] #HD1000030 Ошибка при передаче пломбы на участок
630148,МОЭСК. Заполнение дайджеста
591627,МОЭСК.(SD 870093) Ошибка при занесении пломб в ЦК
738357,[МОЭСК МС] #4551 Необходимо доработать промежуточное сохранение актов при проведении работ по инструментальной проверке ПУ
731487,"[КСК МС] ТП. 02.2023. Предоставление прав доступа, смена пароля/восстановление доступа "
591468,МРСК Центр. (SD 1376757) Отсутствуют районы в фильтрации
744210,[МРСК ЦиП МС] #1600682 При поиске по ЛС в Омнис и ПАК МК разные ПУ
750908,[МОЭСК МС] Пользователь Угрюмов Р.В.  удалил заявки на ограничения (заявка по тел)
782743,[МОЭСК МС] #HD4933 В АРМ Диспетчера необходимо добавить возможность удаления выполненного задания
774878,[МОЭСК МС] #5002 Необходимо реализовать автозаполнения тарифности по НПУ в акте замены в ЦК
672558,"[МОЭСК] #HD4138 Запрос на изменение ""Необходимо доработать матрицу работ и функционал (Таблица 4.18 ЧТЗ-13) путем добавления типа документа «Проверка соответствия данных» и «Акт снятия показаний»"""
700619,МРСК СК ЛКК. АРМ Диспетчер. Ошибка в разделе Подтверждение
776631,[МРСК Центр] #1743417 Отсутствует доступ к системе АРМ диспетчера
816105,[МОЭСК МС] #HD1195790 При редактировании выполненных работ по ЦК в АРМ Диспетчера всплывает белый экран
738096,[МРСК СевКав] #HD52888 Отсутствует информация по подтверждению в Мобильном агенте ГПХ
793019,"[МОЭСК МС] #5194 Необходимо в интерфейсе приложения ""Цифровой контролер"" добавить кнопку «Добавить еще одно фото данного типа» для загрузки контента одного типа"
583933,МРСК ЦиП и Центра. Некорректное отображение количества выполненных работ в отчете по статистике отработанных маршрутов (SD 2707638)
667014,[ЕЕ PЕ] Центр и ЦиП. Интеграция между ПК Радар и ПАК Мобильный контролёр
677277,[КСК МС] #HDСК00-00365336 В детализации ЛС не отображается исполнитель
661689,[МОЭСК] #HD974209 Нет возможности загрузить ФИАС и Схему сети в local DB
658900,МРСК СК ЛКК. Не работает фильтр в разделе Администрирование
811889,[МРСК Центр] #1887693 Не открывается АРМ
647882,[МОЭСК NE]. Тестирование и отгрузка обновлений.
755551,[МОЭСК МС] # 1111082 В Акте замены не импортировалась причина замены
589377,"Казань. МС. (СК00-00303522) После обновления версии Мобильный обходчик, неполная база потребителей"
786667,[МРСК СК] Проблема отсутствия договоров ГПХ в мобильных сервисах
601473,"МС. Центр. Необходимо устранить сбой в работе приложения ""Мобильный контролер"" (1373098)"
656741,МРСК СК. Корректность запроса создаваемого АРМ диспетчером. Зависания.
542855,МРСК СевКав. HD-42904 Ошибка: В АРМ Контролера не осуществляет поиск абонента в форме заявки на добавление в маршрут
751987,[МРСК Центр] Некорректный трек передвижения (по письму от Чертова от 21.03)
797831,[МРСК СЗ] #HD56109 Коми. v421. Пломбы. Консультация
808987,[МРСК Центр]. Техническая поддержка. Анализ 08.2023
756069,[МОЭСК МС] #1111585 Показания по снятому ПУ не выводятся в Отчет по заменам
565278,МРСК СевКав. HD-44148 Консультация по проставлению бита Не в координатах
463284,МРСК СевКав. HD-37684 В АИС Omni-US документы в рамках инвентаризации доступны для редактирования/удаления
742784,[МОЭСК МС]  #4670 Необходимо доработать визуализацию на карте результатов работ по маршрутному листу в АРМ Диспетчера
814710,[МОЭСК МС] #1193057 Отображение выполненных заданий с созданием копий точки поставки в МЛ по ОРП в АРМ
756111,"[МОЭСК МС] #HD1111194 После замены прибора учета из функционала МС подрядной организацией коэф. ТТ, ТН - 1 вместо 300"
739422,[МОЭСК МС] #4661 Необходимо добавить возможность фильтрации по столбцу «Номер заявки SAP» в интерфейсе вкладки «Подтверждение задач» (для подрядчиков) в АРМ Диспетчера.
725282,[Россети ЦиП] #HD52120 В омниус не попадают показания из ПАК мобильный контролер
610836,МРСК ЦиП и Центра. Выдает ошибку в авторизации пользователя в АРМ (письмо 22.03)
604611,Янтарьэнерго. Экспорт работает некорректно
668173,"[ЕЕ PЕ] ЦиП. Ошибка по операции ""Отправить в мобильные сервисы"" при ctrl+shift+alt+actions"
682985,[КСК МС]. Не проставляются координаты у потребителей после выполнения обходов
532861,МРСК СевКав. HD-42432 Ошибка: по заявке на добавление в маршрут не создался маршрутный лист инвентаризации
707897,[МОЭСК МС]. Техническая поддержка. Анализ 12.2022 
545008,МРСК ЦиП и Центра. Ошибка при синхронизации (Whatsapp 17.09)
685556,[МРСК СевКав] #HD50239 Ошибка: В АРМ Диспетчера при подтверждении заданий нарушается сортировка
546475,МОЭСК. HD-43123  Снятые показания не импортировались из ЦК в Омнис (SD 805399)
759581,[МОЭСК МС] #1116434 В Тестовой БД не отправляются МЛ в ЦК
590549,МОЭСК. В  Актах исчезло основание с МЛ ( SD 842073)
811517,[МРСК ЦиП]. Техническая поддержка. Мониторинг 08.2023
795394,[МОЭСК МС] #1165851 Ошибка при построении отчета по выполненным работа в АРМ Диспетчера
625342,МОЭСК (SD 922192) Пломбы не отображаются в мобильном контролере
664542,[КСК МС] ТП. Вопросы и предложения Заказчика по работе МО и АРМ Диспетчера. Результат ВКС 2022.08.11
767932,[АО «Россети Янтарь»] #HD54639 Недостоверные предыдущие показания в маршрутном листе
592670,МРСК ЦиП. Не удается загрузить обновление НСИ (2189356)
596645,МОЭСК. Функционал по ограничению ээ: два акта по одной заявке(SD 880475)
720794,[МРСК ЦиП и Центр]. Техническая поддержка. Анализ 01.2023
581243,МОЭСК. (SD 828178) Требуется поменять местами номера бланков
648388,[МС] МРСК СК. Тестирование и отгрузка обновлений.
705942,[МОЭСК МС] #HD1035465 Не изменяется статус заявки на ограничение после импорта Актов
732059,[МРСК ЦиП и Центр]. Техническая поддержка. Анализ 02.2023
630192,МРСК СК ЛКК. МП Android. Ошибки приложения
613924,МРСК СевКав #HD47218 Ошибка: В АРМ Диспетчера в разделе подтверждения задач по АНД отображаются введенные показания АСКП
592855,МОЭСК.В ЦК не видно пломб. (SD 874983)
583844,МРСК ЦиП и Центра. Не переданы фотографии из МП в АРМ (SD 1324672)
670608,[МОЭСК] #HD985880 в КИС Баланс не пришли данные отключённых абонентов
715359,"[МОЭСК МС] #HD 4410 Необходимо тип фото «Векторная диаграмма» сделать необязательным всегда, при любых условиях"
670873,"[МОЭСК] #HD4126 Запрос на изменение ""Необходимо доработать ввод показаний при поверке ПУ для возможности внесения показаний ПУ меньше текущих в системе."""
808975,"[КСК МС] ТП. 08.2023. Предоставление прав доступа, смена пароля/восстановление доступа "
676254,[МОЭСК МС]. Техническая поддержка 09.2022 
792582,[МОЭСК МС] #HD5212 В АРМ Диспетчера в отчете «Реестр заявок 522 для загрузки в СТДО» по учетной записью пользователя нет возможности выбрать подразделение
792820,"[МОЭСК МС] #1150102 В приложении ""Цифровой контролер"" не осуществляется синхронизация справочников"
803658,[МРСК Центр] #1855413 Не подгрузился новый ПУ в АРМ Диспетчера из SAP
637252,"АО Янтарьэнерго #HD48153 Отсутствует информация о точке маршрута в АРМ и планшете, при создании маршрута. В поле конечные показания стоит дата. "
613451,"МРСК Центр. Необходимо устранить сбой в работе приложения ""Мобильный контролер"" на ПК."
517946,"МРСК СевКав-40586 Требуется консультация по ошибочному добавлению заданий в маршрут, относительно одной заявки на добавления в маршрут"
681099,"[МОЭСК] #HD4211 Необходимо расширить состав сведений, которые в Цифровом контролере подлежат верификации, добавив дату последней поверки."
686140,[МОЭСК] #HD1006765 Показания по снятым ПУ не попадают в отчет по заменам ПУ ФЛ для ЭСК
703930,[МРСК СевКав] #HD51143 Показания из МС (инструментальная проверка) попали как реверс при наличии нарущения.
803180,[МОЭСК МС] #HD1175374 Не отображаются фотографии в АРМ Диспетчера
591488,МРСК Центр. (SD 1296812) Различия адресов абонентов между SAP и МС
585095,МОЭСК. (Внутренняя задача) Долгие запросы к БД ЦК
712549,[МРСК ЦиП] #1464152 В разделе маршруты отображаются МЛ других РЭС
604601,Янтарьэнерго. Пломбы не приходят в АРМ
611462,"МРСК Центр (SD 984577) В АРМ диспетчере при дате установки пломбы ее статус ""Выдан"""
558586,Казань. МС. Экспресс обучение по работе с ПО Мобильный обходчик
708331,[МРСК Центр] Необходимо выгрузить координаты точек учета
766433,"[КСК МС] Обновление рабочей БД, АРМ, apk 24.04.2023 после 18 00"
740055,[МОЭСК МС] #4673 Необходимо доработать в составе НСИ учетной записи пользователя ЦК атрибут «ЦСП» (логическое поле)
688808,[МРСК СевКав] #HD50356 Консультация: Подтверждение задач у соисполнителей не отображается в арм-диспетчере
558435,Казань. МС. Загрузка координат в МО (Задача по письму 26.10)
813338,[МРСК Центр] #1896267 Не работает синхронизация с сервером на всех РЭС 
678610,"МРСК Центр #HD1293884, 1293507 При выгрузке отчета по выполненным работам в поле ""Исполнитель"" проставляется две фамилии"
585833,МРСК ЦиП и Центра. Проблема с учетной записью сотрудника Исполнительного аппарата (по письму от 14.01)
732401,МРСК СК ЛКК. Заполнение поля Диспетчер в отчете по выполненным работам
668575,[ЕЕ PЕ] Центр и ЦиП. Проблемы с производительностью в конце месяца
735899,[МРСК СЗ] #HD52747 Ошибка в задании Сбор данных из мобильных сервисов
652164,"МОЭСК (SD 961722, 961926) Некорректно отрабатывает отправка МЛ в МО"
796196,[МОЭСК МС]. Техническая поддержка. Анализ 07.2023
694508,[МРСК ЦиП] #1374520 В ПАК МК не загружается шаблон
760226,"[МОЭСК МС] #4885 Необходимо скорректировать в отчете ""ЭУ-РоссетиМР-Мобильный сервис Пользователи"" вывод версии МО."
559007,МРСК ЦиП и Центра. (SD 2685861) При завершении оперативного маршрута со 100% выполнением не доступен резервный маршрут
611989,МОЭСК (SD 902004)  В МО при отработке МЛ не вносится пломба.
589798,[МС] МРСК ЦиП и Центра. (1371810) В SAP не интегрируются замены приборов учета
806370,[МРСК ЦиП] #1867720 Неверное отображение выполненных заданий в АРМ Диспетчера
671824,[МОЭСК] #HD987184 Не отражаются инструментальные проверки
681410,"МРСК Центр #HD1305500 В плановых работах по РЭС остались точки, которые ранее были включены в маршрут"
561067,"МРСК ЦиП и Центра. При включении внеплановой точки в маршрут не проставляется признак ""включена в маршрут"""
754777,[МРСК СевКав] #HD53797 Ошибка: Отсутствует операция отправки в мобильные сервисы
665980,МРСК СК ЛКК. Карточка УЗ не открывается
701881,[МОЭСК МС] #HD 1029700 По разному отображается маршрут передвижения в АРМ 
621459,[КСП МС] (СК00-00326232) В АРМ диспетчере не отображаются МЛ
575037,"МРСК ЦиП и Центра. (SD 1304050)  Некорректно отображается статус маршрута в разделе ""Результаты"""
708200,[МОЭСК МС] #1038264 Отсутствуют данные в АРМ Диспетчера
619211,МРСК СЗ #HD47407  Не приходит информация в мобильные сервисы о смене участка пользователя в ОМНИС
615962,МОЭСК (SD 905642) МЛ выполнен до окончания срока
553659,МРСК ЦиП и Центра. С 29.09 джоб по формированию актов в Омнис на основе данных МС отрабатывает с ошибкой. Необходимо починить (Внутренняя задача)
795345,[МОЭСК МС] #1165732 В КИС Баланс отсутствует акт замены и дата выполнения не соответствует дате фактического заведения в Цифровом контролер  
704995,[МОЭСК МС]  Не работает функционал с отклонением в МП
516797,Казань. МС. Не отображается ФИО обходчика на карте
783799,[МОЭСК МС] Джоб по импорту актов из ЦК завершается с ошибкой
726253,[МРСК СевКав] #HD52210 Ошибки при выполнении работ по заменам ПУ с помощью АИС Мобильные Сервисы
750263,[МРСК ЦиП] # 1631416 После загрузки шаблона НСИ не отображаются показания двухтарифного эл.счетчика
613125,МОЭСК (SD 903045) Ошибка авторизации. Неверный логин или пароль.
707558,"[МРСК СевКав] #HD51320 Ошибка: В приложении мобильный Агент ГПХ в разделе личный кабинет контролеру доступны разделы: маршруты, подтверждение, история "
501750,"МРСК СевКав. HD-39629 Ошибка: Строки задания по МЛИ не заполняются, если ЛС не принадлежит РЭС с которого формируется МЛИ"
18054,МОЭСК. Задача #19002 «Аты БДП - нет возможности выбрать участок при создании акта через МЛ»
495570,МРСК СЗ. HD-39108 Самовольная замена даты поверки ПУ
576077,МОЭСК. HD. (SD 849654) Требуется закрыть маршрутные листы из списка.
801010,[МОЭСК МС] #HD1168329 Сформированный акт не импортировался в АРМ Диспетчера
685568,[МРСК СевКав ЛКК] #HD50243 Создать учетные записи в ЛКК
728631,[МРСК СЗ] #HD52352 Мобильные сервисы v4.1130.989 Неполный справочник типов ПУ при оформлении Акта допуска ПУ в эксплуатацию
748446,[МРС ЦиП] #1620128 отображается не верный адрес кода ТУ в АРМ
513922,Казань. МС. В мобильном приложении возникают ошибки в последовательности выполнения задания.
807441, [МС] Россети ЦиП #1872039 Необходимо провести анализ поиска по ЛС
705682,[МОЭСК МС] #1033970 В ЦК не попал весь объем точек по МЛ
705001,[МОЭСК МС] #HD1032822 Ошибка 504  в АСУ МБ
678360,МРСК Центр #HD1100848 Не отображаются номера ПУ в АРМ диспетчере
652079,МРСК СЗ. #HD49104 Модернизация МС. Тестирование и установка обновлений на тестовой БД заказчика.
691348,[МРСК ЦиП] #HD1364513 Не выгружаются отчеты
653687,"[МОЭСК] #962919, 962764 Ошибка при создании маршрутного листа на ограничение"
697946,[МОЭСК МС] #HD 1022550 Не выгружаются данные о съеме показаний в отчет Сравнительный анализ показаний Россети МР
528105,Казань. МС. Создание выгрузки в эксель для заполнения координат. ( Задача по письму)
678419,МРСК Центр #HD1302649  Не подгрузились фото в результаты работ в АРМ диспетчере
713265,[МРСК СевКав ЛКК] #HD51592 Ошибки: мобильный агент ГПХ при формировании отчета по выполненным работам
814781,[МОЭСК МС]. Техническая поддержка. Анализ 08.2023
589260,[МС] МРСК ЦиП и Центра. Акты и пломбы передались другому пользователю (1303137).
556616,МРСК ЦиП и Центра. Некорректное формирование тарифов в МС (письмо 20.10)
651791,"МОЭСК (SD 959702, 958817, 958481) В ЦК при заполнении Актов инструментальной проверки, не погружаются пломбы."
715469,"[МРСК Центр] #HD1477958 Отчет "" Результаты расчета риска безучетного потребления"" не формирует баллы важности"
754958,[МРСК СевКав] #HD53821 Ошибка при выдаче задания в мобильные сервисы ГПХ. Пользователь ГПХ отсутствует
590476,ВОЭК #HD46232 Закрытие МЛ
716090,[МРСК СевКав] Техническая поддержка. 12.2022
770720,[МРСК ЦиП] Анализ проблемы передачи данных на сервер
749638,[МРСК ЦиП] #1627378 Не корректно работает фильтр даты в АРМ
543717,"МРСК ЦиП и Центра. Отчет ""Статистика расхода трафика"" выгружается пустым. (Whatsapp 14.09)"
805135,[ЕЕ PE МС] Россети СК. Проведение обновления до 19.07.2023 (МС)
453575,"ВОЭК. HD-37241 ""не работает джоб  Сбор данных из мобильных сервисов"""
692071,"[МРСК Центр] #HD1369019 Удалить л/с в ПАК ""Мобильный контролер"""
589391,"[КСК МС] ТП. 02.2022. Предоставление прав доступа, смена пароля/восстановление доступа"
732066,[МРСК СевКав] Техническая поддержка. 02.2023
777662,[МОЭСК МС] #HD5029 Необходимо добавить Цифровом контролере в Акте контрольного снятия показаний по физическим лицам поле «Метод снятия показаний
541643,"МРСК СевКав. HD-42803 Ошибка отработки регламентной процедуры ""OmniUS. 22 Автоподтверждение"""
686469,[МОЭСК] #1006758 Не импортировались фотографии в АРМ диспетчер
776304,[Россети ЦиП] #HD55059 на начало месяца программа формирует некорректные показания ПУ(быт)
1115,[ЛК] Магнитогорск. HD-18179 «Замечание по личному кабинету»
630863,МРСК СевКав #HD47853 В АРМ Контролера абонентам в состоянии ограничения невозможно создать АСКП
554275,Казань. МС. Решение проблемы с синхронизацией данных
569105,МРСК ЦиП и Центра. (SD 2700454) Ошибка при попытке добавить точки учета в план на декабрь месяц
682252,"[КСК МС] #HD СК00-00368423 В Биллинг импортировались показания, которых нет в МО"
778126,"[МРСК ЦиП] #1749583 Предоставление выгрузки по работам ""отказ из БД"
601186,МОЭСК (SD 805399) Снятые показания не импортировались из ЦК в Омнис
620660,МОЭСК. Анализ замечаний от заказчика по МС
773577,"[МРСК Центр] #1729381 Не выгружаются ""Наименование ТУ"" в отчете ""Выгрузка показаний по ЮЛ"""
779820,"[МРСК СЗ] #HD55262 Коми. Мобильные сервисы. v 4.1130.989. Не принимаются начальные показания больше 0, но меньше 1 при допуске ПУ"
777075,[МРСК ЦиП] #1737849 Не интегрировались показания из мобильного контролера  в Омнис
780071,[КСК МС] #HD СК00-00432932 Фотографии после импорта в АРМ Диспетчера отображаются подтвержденными
733336,[МРСК СевКав] #HD52604 Ошибка: В АИС Мобильный агент не передались строки задания по маршрутному листу
810789,[КСК МС] СК00-00457422  В АРМ не привязываются ЛС по Региону в поиске задания для маршрутного листа
707802,[МОЭСК МС] #4386 Необходимо реализовать возможность добавления причин отклонения (вкладка «Подтверждение задач») силами сотрудников Управления процессинга
667873,[МОЭСК] #HD4080 Необходимо доработать проведение работ по контрольному съему показаний в ЦК
720804,[МРСК СевКав] Техническая поддержка. 01.2023
799077,[МРСК СевКав] #HD56164 Ошибка авторизации в ЛКК
603359,МРСК ЦиП (SD 928073) Не загрузились Акты замены из ПАК МК во Флагман
689212,"[МРСК СевКав] #HD50365 Мониторинг выявления компонентов, вызывающих задержку АРМ диспетчера"
671129,[МОЭСК] #HD986585 В мобильном сервисе не появляются Акты проверки
775022,[МОЭСК МС] #1136904 Приложение SmartThings блокирует работу ЦК
765530,[МРСК Центр] #1701650 Не выгружаются баллы важности и тип потребителя
577690,МРСК ЦиП и Центра (SD 1319780) Возникла проблема интеграции SAP и мобильных сервисов
600441,"[КСК МС] ТП. 03.2022. Предоставление прав доступа, смена пароля/восстановление доступа"
608767,МРСК Центр. (SD 969767) Ошибка: не прошла синхронизация маршрута от 15.03.22
678649,МРСК ЦиП #HD1043168 Неподтвержденные задания импортировались в Омнис
693020,[МРСК ЦЕНТР] #HD 1372995 Обновить ПУ в АРМ
689397,[МРСК Центр] #HD1354561 Необходима выгрузка из базы ПАК МК по всем работам
632930,МОЭСК. Анализ замечаний по реестру.
545678,МОЭСК. HD-43056  В цифровом контролере не отображаются роторные пломбы серии Э025701-Э025800 (SD 802439)
645051,"[NE Янтарьэнерго]. Проверка ctrl+alt+shift+actions. ""Отправить в мобильные сервисы"""
590574,МРСК Центр. (SD1097024) В Отчёте по выполненным работам. Форматы в ячейках нестандартные
654336,МРСК СК ЛКК. МП iOS. Ошибка в блоке фотографирование
670576,[МРСК СевКав] #HD49567 Маршрутный лист общего участка не виден в диспетчере с уровня Филиал.
781427,[МОЭСК МС] #HD1146978 В АРМ Диспетчера не импортировались номера пломб в акте проверки ПУ 
744117,[МРСК Центр] #1599350 Не загружаются отчеты во вкладке администрирование
780047,"[МОЭСК МС] #HD5055 Необходимо в АРМ Диспетчера добавить второй этап подтверждения, доступный пользователям без признака подрядчик."
661730,МРСК СК ЛКК. Не работает фильтр в разделе Результаты
609771,МОЭСК (SD 897720)  Отсутствие ФИО и логин не дает возможности отображения пломб в МО
801315,[МОЭСК МС] #5180 Необходимо доработать автоподтверждение актов по маршрутам с истекшим сроком действия
626767,[МОЭСК МС]. Техническая поддержка 05.2022
769422,[МОЭСК МС] Добавление возможности блокирования пользователей с неактуальной АПК
617212,"МРСК Центр. В отчёт по выполненным работам не попадают акты ""отказ от выполнения"" (по письму)"
600563,[КСК МС]. Проблематика отчетности
732073,[МРСК ЦиП и Центр]. Техническая поддержка. Мониторинг 02.2023
799514,[Россети ЦиП] #HD56067 Частичное отсутствие показаний из ПАК МК в Омни-ус 
722363,[МРСК СЗ] #HD51971 web приложение мобильный обходчик
703599,[КСК МС] #HDСК00-00381421 В мобильном обходчике не все адреса выгружаются по КТП
654270,МРСК СК ЛКК. Ошибки в работе АРМ
759724,[МОЭСК МС] #1112955 Необходимо исключить возможность выбора даты поверки больше даты текущей при заполнении поля «Дата поверки» для устанавливаемых приборов в измерительном комплексе
683906,"[КСК МС] ТП. 10.2022. Предоставление прав доступа, смена пароля/восстановление доступа "
686061,[МОЭСК] #HD1004241 Некорректный номер акта БУП при построении отчета СУ-04 Россети.
544501,ВОЭК. HD-42997 не загружены показания из МО в Omni-us
788740,[КСК МС] #HD СК00-00439925 Контрольный обход не отработан в мобильном обходчике
538592,МРСК СевКав. HD.  При продлении МЛ в АРМ Диспетчере время окончания должно соответствовать 23:59 (Внутренняя задача)
790157,"[МРСК Центр] #1797528 Ошибка ""Bad gateway"" при загрузке АРМ Диспетчера"
558587,МРСК СевКав. HD. Требуется прогрузить джоб.(Внутренняя задача)
513928,Казань. МС. В АРМ диспетчера необходимо исправить наименование РЭС и филиалов ЭС.
687823,"МРСК СевКав. Раздел ""Нет строки задания в маршруте"" отображается в контрольном обходе"
659768,[МОЭСК МС]. Техническая поддержка 08.2022
753845,"[МОЭСК МС] #1107922, 4955 В отчете о выполненных работах в АРМ диспетчере отсутствуют координаты"
703535,МРСК ЦиП. НИОКР. Процесс распознавания не завершается успешно
701337,"[МОЭСК МС] #HD4289  в АРМ Диспетчера во вкладке Назначение заданий реализовать вывод столбцов Дата поступления МЛ в АРМ, Категория МЛ №4289"
635781,[КСК МС] Анализ задач ТП. Консультация разработчиков. 05.2022
710854,[МОЭСК МС] #HD3825 При отмене в ЦК с приложением платежного документа после импорта в КБ вложение появляется в заявке
810109,[МРСК ЦиП и Центр] #1872596 Вылетают приложения в определенных районах. 
721535,[МОЭСК МС] #HD1058056 Необходимо обновить сертификат
686023,"[МРСК ЦиП] #HD1339045 В ""Отчет по выполненным работам"" не выгружаются фотографии"
689256,[МРСК СевКав] #HD50367 Ошибка отправки точки обхода на планшет
717568,[Россети ЦиП МС] #HD51780 Частично не передались показания из ПАК МК в Омнис
653645,[МОЭСК] #HD963970  в КИС Баланс не импортировались фотоматериалы из ЦК
815819,[МРСК ЦиП] #1907910 Задвоение ПУ в отчете распознавания ПУ 
706859,[МРСК Центр] #1437344  Не прошла интеграция ПАК-SAP
715808,[МОЭСК МС] #HD1049708 4439 Нет возможности изменить тип ПУ при редактировании акта допуска 
728674,[NE PЕ] МРСК СК. Тестирование и отгрузка обновлений заказчику.
743505,[МРСК СевКав] #HD53230 Доработка печатной формы отчета Статистика обработки маршрутов
540750,МРСК ЦиП и Центра. Не сохраняются новые данные в карточке установки ТТ (Внутренний баг)
565199,Казань. МС. (Задача по письму) В БД МС попали л/c МКД
672283,[МОЭСК] Письмо от 31.08.2022 С Тестового клиента КИС Баланс не могу забрать данные из ЦК
732618,[ВОЭК] #HD52552 Закрыт доступ на создание мл. 
561923,"МРСК СевКав. HD-43980  Ошибка в отработке регламентной процедуры ""OmniUS. 20 Сбор данных из мобильных сервисов"""
585089,МРСК ЦиП. Не проходит экспорт из ПАК в промежуточную БД (по письму от 13.01)
611222,МРСК СК (HD 47088) В АРМ Диспетчера при проверке выполненных заданий не сохраняется другая причина отклонения
776363,[МОЭСК МС] #HD1138451 В АРМ Диспетчера нет возможности отредактировать выполненную работу по замене ПУ.
546446,МРСК СевКав. HD. Отсутствие данных в акте инвентаризации (Внутренний баг)
624936,МРСК СевКав #HD47652 Ошибка: Маршрут на допуск в эксплуатацию невозможно отправить в МС
771021,[МОЭСК МС] #HD1132305 Ошибка в работе джоба импорта данных из ЦК
801842,"[МРСК СК] #HD Необходимо реализовать доработку в части автоматизации распознавания показаний, типов и номеров приборов учета при фотофиксации с помощью мобильного устройства в автономном (офф-лайн) режиме."
616341,[КСК МС]. Совещание по доработкам
552911,МРСК ЦиП и Центра. Внутренние доработки по ЦиП. (Внутренняя задача)
598746,МРСК СК (HD 46577) Ошибка: показания не импортировались из АИС Мобильные Сервисы в АИС Omni-US
564735,МРСК ЦиП. Обновление сертификатов на серверах МС
679154,"[ЕЕ PЕ] Россети-Тюмень. Ошибка в операции ""Отправить в мобильные сервисы"" при Ctrl+Alt+Shift+Action"
532562,ВОЭК. HD-42254 Разница времени выполнения задания с МС
674815,[КСК МС] Некорректные показания в 1С
731387,МРСК СК ЛКК. Доработки по итогам обучения
671391,[МОЭСК] #HD987230 Отсутствуют причины замены в актах из ЦК
557140,Казань. МС. (СК00-00283298) В разделе администрирование при попытке изменения привязки обходчиков возникает ошибка
657289,МРСК СК ЛКК. Оптимизация запросов и вызовов
714898,[ВОЭК] Ошибка после применения обновления на сервере тестовой БД
564881,МРСК ЦиП. Проверка тарифных зон при импорте
660235,[МОЭСК] #HD972125 Некорректный импорт актов на ограничение из ЦК
694825,"[МРСК ЦиП и Центр] Не работает выгрузка в АРМ ""Реестр показаний для ГП"""
567551,МРСК ЦиП и Центра. (SD 1268749) Показания на начало текущего расчётного периода в АРМ не совпадают с данными из SAP
600362,"МРСК СК (HD 46598) Маршрутный лист на контрольный обход не передается в АИС ""Мобильные сервисы"""
687210,[МРСК ЦиП] #HD 1343841 Не отображается общая статистика
579810,МОЭСК. HD. (SD 857718) В обоих Актах на потребителя ООО «Транском» во вложениях присутствует одно и то же фото по всем типам вложений
693641,[МОЭСК] #HD 1016634 Зависания при отправке маршрутного листа в Кис Баланс
731412,МРСК СК ЛКК. Корректировка условий для распознавания
779181,[МРСК ЦиП] #1754313 Необходимо выгрузить информацию по координатам раннее сделанных точек
552571,МРСК СевКав. HD. Не синхронизируется справочник ФИАС LocalDB (Внутренний баг)
732495,[МОЭСК МС] #1074626 Необходимо скорректировать статусы заявок на ограничение согласно приложенному списку
723918,[МОЭСК МС] #1061289 1030930 Исправление замечаний по приложенному списку по АСУ МБ
619201,МОЭСК (SD 897463) Ошибка синхронизации.
642333,[КСК МС] Актуализация презентации новых МС
558857,"[КСК МС]. Подготовка списка доработок, которые можно предложить Заказчику"
540757,МРСК СевКав. HD-42774 Смещение даты окончания МЛ выдает ошибку о превышении назначенных заданий.
670253,"[МОЭСК] #HD 985071, 984593, 984331 В ЦК не отображаются выданные бланки"
761040,[NE МС] Россети СЗ. Формирование дайджеста изменений по МС.
636122,АО Янтарьэнерго #HD48111 Во вкладке Результаты не отображается маршрут
688854,[МРСК СевКав] #HD50357 Ошибка: в арм диспетчере не отображаются все данные по (нет строки задания в маршруте)
669504,"[МОЭСК] #HD 984075, 978820 Ошибка ""Не заполнен атрибут 'Разрядность прибора учета'"" при отправке МЛ в АСУ МБ"
648273,[МОЭСК МС]. Техническая поддержка 07.2022
679679,МРСК Центр #HD1273223 Некорректное отображение маршрутных листов в АРМ диспетчере. Маршрутный лист отображается в двух РЭС.
779333,[МРСК ЦиП] #1754640 После загрузки ТУ по шаблону не появился новый РЭС
707556,[МРСК СевКав] #HD51319 Ошибка: В Мобильном Агенте ГПХ не отображаются сообщения
673188,[МОЭСК МС] Тестирование и отгрузка обновлений заказчику до версии МЛ
551393,МРСК ЦиП и Центра. Техническая поддержка 1 линия. 10.2021
641821,МРСК ЦиП - Отсекать дробную часть разряда ПУ ФЛ (IsAutoRoundDigitsDevicePE) доработка новой версии мобильных сервисов для учета настройки
702618,"[МОЭСК] #1027277, 1034901 Не отправляется маршрутный лист в АСУ МБ"
675725,[МОЭСК] #HD992004 Система присевает новый номер бланка
795502,"[МРСК Центр] #1820439 Некорректный поиск по фильтру ""Многоуровневый поиск адреса"""
680390,"[КСК МС] #HDСК00-00367136, СК00-00370310 После подтверждения показания не импортировались в 1 С биллинг"
478522,МРСК СевКав. HD-38392 В АРМ Контролера не все внесенные данные сохраняются по Акту инструментальной проверки у контролера Озерная Татьяна Александровна
739041,"[МОЭСК МС] #1079170  Состав фото, поступивших из ЦК, не соответствует требованиям к обязательному минимальному набору фото для замен ПУ"
557620,Казань. МС. (задача по письму 22.10) У приборов наблюдается разрыв между неправильно полученным последним  показанием  и правильным  контрольным
756923,[МРСК ЦиП и Центр]. Техническая поддержка. Мониторинг 04.2023
725636,[МРСК СЗ] #HD52141 Карельский Филиал: При выдаче в Omni-US бланков актов допуска они не видны в МО даже после ручной синхронизации
810153,[NE] Россети Московский регион. Обновление тестового контура для проведения ПСИ - Информационная безопасность
607268,"МРСК ЦиП (SD 947072) При загрузке шаблонов информация загружается, но не отображается"
682924,МРСК Центр #HD1061000 Нет возможности загрузить новые бланки в мобильный контролер
630318,МРСК СК ЛКК. АРМ. Отсутствует фокусировка на карте в разделе Подтверждение
759001,[МОЭСК МС] #1114583 Подтвержденные акты не импортировались в Кис Баланс
664230,МРСК СК ЛКК. Повторение ошибки 500
715775,"[МОЭСК МС] #HD 1049736, 4438 Необходимо удалить уведомление в АРМ диспетчер"
699590,[МОЭСК МС] #HD3536 Необходимо в акте «Контроль ввода ограничения» сделать поле для ввода показаний не обязательным
539244,Казань. МС. СК00-00272276. Не по всем потребителям загрузились последние контрольные и предыдущие показания.
681436,МРСК Центр #HD1310212 Не интегрировались показания из АРМ диспетчера в SAP
635244,[КСК МС] (СК00-00333102) Нет возможности занести обход через МО
790386,[МОЭСК МС]  Сбор статистики по динамике роста количества назначенных на пользователей задач
779911,[МС Центр] #1756383 Необходимо актуализировать данные в ПАК МК
725067,[ВОЭК] #HD52100 После обновления не работает Джоб Сбор данных из мобильных сервисов
613600,"МРСК СевКав #HD46113 Ошибка: В заявке на добавление в маршрут потребителя, при выборе нового подключения, поиск не выдает результатов по СШНН"
704972,МРСК ЦиП. НИОКР. Анализ замечаний
553922,"МОЭСК. HD-43608 При сохранении акта инструментальной проверки возникает уведомление :""Количество фотографий с типом «Демонтируемый ПУ» не соответствует количеству тарифных зон."" (SD 819737)"
683494,МРСК ЦиП #HD1327183 При загрузке шаблона внеплановых работ не появляется часть данных
789136,МРСК СК ЛКК: проблема с переполнением базы данных публичного сервера
673878,"[МОЭСК] #HD983042, 986945, 988830, 987963 Не прогружены показания КСП ГПХ за Июль 2022"
685910,[ЕЕ PЕ] Центр и ЦиП. Не приходят уведомления в мобильное приложение
782811,"МОЭСК. Раздел ""Задачи"" некорректное отображение данных (внутреннее)."
804239,[МРСК СевКав] #HD56220 Некорректное количество потребителей в АРМ Мобильный сервис юр лица
774495,[МОЭСК МС] #1134140 В акте замены система не дает внести показания меньше предыдущего
614017,МРСК Центр. Не работает выгрузка скорр балла важности по филиалу. 995270
718676,[МОЭСК]#HD1054476 Некорректная смена статусов у исполненных заявок разных РЭС при формировании МЛ на общем участке/
589375,Казань. МС. (СК00-00304673) Не совпадения с данными ЭБ СК.
808525,[МОЭСК] #1183155 После обновления ЦК при нажатии Применить акта поверки зависает клиент ЦК
667177,"[КСК МС] #HDСК00-00354421 Из ПО ""Мобильный обходчик"" не интегрирован контрольный обход"
656807,[МОЭСК] #HD968502 Исполненные задания не импортировались в КИС Баланс
628499,"МОЭСК. Анализ акта замены (ТТ, ТН)"
802859,[МОЭСК МС] Установка обновлений 06 августа (30 июля)
608748,МРСК ЦиП (SD 969883) В ПАК МК после замены остался старый ПУ
722406,[МОЭСК МС] #HD1056251 Некорректный статус заявки на ограничение
801779,[МРСК ЦиП] #1847121 У Гороховецкого РЭС не подгрузились данные в омниус
508965,ВОЭК. HD-40071 Отсутствуют акты недопуска в лицевых счетах.
796180,[МРСК ЦиП и Центр]. Техническая поддержка. Анализ 07.2023
721897,[МОЭСК МС]. Техническая поддержка. Мониторинг 12.2022 
687113,[МОЭСК] #HD1007866 Несоответствие номеров снятого и установленного ПУ в актах замен
554618,"МРСК ЦиП и Центра. По ЛС сняты показания по 3-м тарифам:  сутки, день и ночь. (Задача по письму 14.10)"
587009,МРСК Центра. Не формируются отчеты (1362281)
636229,МРСК СК ЛКК. Список маршрутов в разделе Результаты не активен (нет возможности прокрутить список)
2251,[ЛК]Новороссийск. HD-19161 «(ЛК ФЛ) оптимизация использования дискового пространства на Веб-сервере srv-web1.krteplo.ru»
665440,"[МОЭСК] #HD4075 Необходимо доработать МП ЦК в части работы с поверкой ПУ согласно п. 5, 6, 16 таблицы 5 по ЧТЗ №13 функции автоматического заполнения полей «Дата истечения МПИ ПУ (ТТ, ТН)"
547115,МРСК ЦиП и Центра. Нет соединения с сетью в ЦК (Whatsapp 23.09)
551125,"МОЭСК. HD-43434   При отправке сформированного маршрутного листа в ""Цифровой контроллер"" АИС ""КИС Баланс"" выпадает ошибка (SD 814590)"
801854,"[МРСК ЦиП] #1847423 После выполнения и подтверждения заданий, статус маршрутного листа завис на Передан"
779796,МОЭСК. Формируется ошибка при заборе данных из МС.
812924,[МРСК Центр] Выложить инструкцию по работе ПАК Паук
692836,МРСК ЦиП. Настройка сжатия фотографий
523776,МРСК СевКав. HD-41924 Требуется консультация по отключению обязательной проверки получения геокоординат в акте инструментальной проверки МС
743411,[МРСК СевКав] Техническая поддержка. 03.2023
776267,"[МОЭСК]#HD4977 Запрос на изменение ""Необходимо в «Маршрутный лист по УП» поле «Инспектор» сделать обязательным к заполнению. №4977"""
625608,ПАК МК: Сбой в работе отчетов и отсутствие данных в справочнике подразделений (по письму Чертова от 18.04)
719972,"[МОЭСК МС] #1055048 В отчете ""Сравнительный анализ показаний...."" нет снятых показаний"
743529,[МРСК ЦиП и Центр]. Техническая поддержка. Мониторинг 03.2023
714127,[МРСК СевКав ЛКК] #HD51633 Проект Мобильный агент - ЛКК. Необходимо изменить логику импорта координат объекта.
631924,МОЭСК (SD 933669) Не обновляется принадлежность УЗ к подразделению
811511,[МРСК ЦиП]. Техническая поддержка. Анализ 08.2023
513905,Казань. МС. Нет геолокации приборов учета потребителей в приложении и АРМ Диспетчера.
749610,[МРСК СевКав ЛКК] #HD53508 Отсутствует возможность поиска по Филиалу во всех вкладках. Так же нет возможности в маршрутах определить по какому РЭС или ГЭС назначен маршру
563054,"МОЭСК. HD. (SD 832380) При замене ПУ, пломбы ошибочно снимаются"
661859,[МРСК СевКав] #HD49161 Ошибка при работе в АРМ диспетчера - отсутствует информация по подтвержденым строкам заданий
784061,[МОЭСК МС]. Тестирование и отгрузка обновлений.
799133,[МРСК СевКав] #HD56019 Ошибка: Не импортировались фотографии обхода в ЛКК АРМ Диспетчера
804937,[МРСК ЦиП] #HD1860559 Необходимо проверить отключения учетных записей
771672,[МРСК ЦиП] #1722030 При работе вылетает приложение ЦК
732691,[МРСК ЦиП и Центр] #HD1549988 Ошибка загрузки шаблона НСИ
788135,[МС РМР] Применение обновлений на тестовый стенд заказчика.
561128,"Казань. МС.(СК00-00285848) В отчетной форме ""Обходной лист"" отсутствуют данные по последним показаниям и последним контрольным показаниям."
540150,МРСК ЦиП и Центра. МС. МП. Мобильное приложение. Возникает ошибка при синхронизации.
750775,[МРСК Центр] #HD1633374 Исполнитель не видит на маршруте переданные в ПАК приборы учета
686530,[МС] МРСК ЦиП. НИОКР. Часть результатов не выводится в отчет по распознаванию ПУ
741860,[КСК МС] СК00-00406192 Показания не отобразились в энергобиллинге
524947,МРСК СевКав. HD-42011 Ошибка отработки регламентной процедуры OmniUS. 20 Сбор данных из мобильных сервисов
636097,"АО Янтарьэнерго #HD48110 При формировании акта снятия контрольного показания, не корректно отображаются предыдущие показания "
763544,[МРСК ЦиП] #HD1691073  БД ПАК МК некорректно подгружается либо отображается признак фазности ПУ
765763,[МОЭСК МС] #HD1125827 Некорректный статус БСО
554330,МРСК СЗ. HD-43632 Удаление актов безучетного потребления.
638147,МОЭСК (SD 942087) В ЦК не видно пломб
664530,МРСК СК ЛКК. Ошибка при открытии вложения из акта OmniUs
577199,МРСК ЦиП и Центра (SD 1317120) При выгрузке отчета по ГП некорректно отображается населенный пункт
726361,МРСК СК ЛКК. Ошибка в передаче данных из МП в АРМ
537651,МРСК СевКав. Демонстрация новой версии МС
647418,[MC] Янтарьэнерго. Обновление Заказчика к 12.10.2022
573833,МОЭСК. HD. Необходимо отключить обязательность проверки геокоординат в ЦК.
730850,"[МОЭСК МС] #4555 Необходимо добавить поля в акт ""Проверка соответствия данных"""
508022,МРСК СевКав. HD-40004 Ошибка: В МЛИ созданных по заявке у пройденных абонентов не создаются инвентаризационные ведомости
756985,[МОЭСК МС]. Техническая поддержка. Мониторинг 04.2023
789016,"[МОЭСК МС] #5156 Необходимо удалить из АРМ Диспетчера выполненные заявки из реестра, у которых отсутствует «подтверждение»"
770183,[МРСК СевКав] Техническая поддержка. 05.2023
802451,[МРСК ЦиП и Центр]. Техническая поддержка. Анализ 07.2023
644619,МОЭСК (952386) Сформировать таблицу с типом фотографий по каждому акту в ЦК с пометкой об обязательности
791426,[МРСК ЦиП] #1802992 Некорректная работа ПАК МК в режиме набора текста
735083,[МРСК СевКав] #HD52654 В диспетчере МС не видны установленные пломбы
677333,[МРСК СЗ] #HD49897 МС. Удалить маршрут из МС.
669926,"[МРСК Центр] #HD 1389247 При загрузке показаний из ПАК МК в расчетный комплекс SAP при выборе одного РЭС к загрузке ""цепляются"" точки другого РЭС "
631797,МОЭСК. В БД localdb отсутствует объекты схемы сети филиала МКС. (SD 933435)
574894,[MC] Янтарьэнерго. Решение проблем с гео-данными
758222,[МРСК СевКав] #HD53991 Ошибка от пользователя SA в журнале по работе с Мобильными сервисами
806945,[МОЭСК]#HD1181019 У сотрудника данные прогрузились не в полном объеме
788607,[МРСК ЦиП] #1790437 Не загрузились подтвержденные задания в Омниус из ПАК МК
805766,[МРСК ЦиП] #1863981 Необходимо произвести выгрузку Примечаний из ПАК
802444,[МРСК ЦиП и Центр]. Техническая поддержка. Мониторинг 07.2023
772899,[МОЭСК МС] #HD 1133580 В отчет о выполнении работ в  АРМ Диспетчера не выгружается част результатов работ
756913,"[КСК МС] ТП. 04.2023. Предоставление прав доступа, смена пароля/восстановление доступа "
690445,[МРСК ЦиП] HD#1359891 Удалить данные проверки
766764,[МОЭСК МС] #HD1047228 Некорректные категории маршрутного листа в Кис Баланс
805132,[ЕЕ PE МС] Россети СК. Подготовка дайджеста по обновлению до 19.07.2023 (МС)
470570,МРСК СК. [Отгрузка] Отгрузка обновления мобильного приложения на 02.2021
557539,МРСК ЦиП и Центра. (задача по письму 22.10) Некорректное отображение фазности ПУ
743592,[МОЭСК] #1091295 Не выгружается отчет по выполненным работам в АРМ диспетчер
720768,[МРСК ЦиП и Центр]. Техническая поддержка. Мониторинг 01.2023
685468,[МРСК СевКав] В мобильном приложении не отображаются пустые маршрутные листы
783096,[МРСК СевКав] Техническая поддержка. 06.2023
724633,[МРСК СевКав] #HD52080 Ошибка: При корректировке НСИ не срабатывает поиск элемента схемы сети в приложении - Мобильный обходчик
617358,МРСК Центр. Ошибка при выгрузке отчета по выполненным работам.
790375,[МРСК Центр] Зависания АРМ Диспетчера
513919,"Казань. МС. Не корректная сортировка заданий в АРМ, адреса и порядковые номера домов отражаются в «разнобой»"
531775,МОЭСК. HD-42382 Проблемы с отображением Актов ИП и пломбами в Мобильном обходчике. (SD 779972)
722457,[МС]. Россети Центр. Тестирование и отгрузка обновлений НИОКР
691418,[МРСК СЗ] #HD50495 Прошу предоставить требования по настройке IIS для настройки мобильного сервиса и необходимым портам для работы мобильного приложения
596022,[МОЭСК NE]. Техническая поддержка 02.2022 Договора пока нет.
694826,[МРСК Центр] #HD1381445 В АРМ диспетчер отсутствует наименование и номер ПУ
693017,[МРСК Центр] #1367544 Не сохраняются фотографии в мобильном контролере.
494105,МРСК СевКав. HD-39207 Ошибка в работе фильтра в АРМ диспетчере
663051,[МОЭСК] #HD975175 При проведении инструментальной проверки не отображаются пломбы.
540647,МРСК СевКав. HD-42768 Ошибка при отправке МЛ в МС
756126,[МРСК Центр] #1657243 После проведения синхронизации данные не передаются на сервер
682043,МРСК Центр #HD1263243 Не интегрировались снятые показания в SAP
648373,[МС]. МРСК СК Тестирование и отгрузка обновлений.
813532,[МОЭСК МС] #1191541 Неверное отображение кол-ва заданий в АРМ Диспетчера и ЦК
2043,"[ЛК] Новороссийск. Нет кнопки ""Оплатить счета"" у ЛС"
732052,[МОЭСК МС]. Техническая поддержка. Мониторинг 02.2023
512517,"Казань. МС.  в мобильном приложении отсутствует возможность ввести показание, поле, в которое его нужно ввести - нет"
686416,[МРСК Центр] #HD1341184 Не совпадают номера ПУ в Арм диспетчере и SAP
707884,[МОЭСК МС]. Техническая поддержка. Мониторинг 12.2022 
743263,[МРСК СевКав] #HD53222 Настроить тестовую среду Мобильных сервисов на 10.126.33.81 сервере для проверки обновлений
796189,[МОЭСК МС]. Техническая поддержка. Мониторинг 07.2023
673187,[МОЭСК МС] Тестирование и отгрузка обновлений заказчику до версии МЛ
597001,МРСК ЦиП. Проблема с интеграцией (915297)
756199,[АО «Россети Янтарь»] #HD53914 Не запускается АРМ Диспетчер
699272,"[МРСК Центр] #HD1401747 не работает фильтр ""Наименование ТУ"""
660172,МРСК СК ЛКК. Учетные записи некорректно приходят в АРМ
778307,[МРСК Центр] Отключение ПУ и ЛС в системе АРМ Диспетчера
564949,МОЭСК. HD. (SD 835373) В Маршрутных листах обнаружена ошибка в части адресов объектов энергоснабжения.
565229,МРСК ЦиП и Центра. Задублированные лицевые счета в плане по РЭС (SD 1271822)
753210,[МОЭСК МС] #HD4805 Необходимо расширить в ЦК состав полей в документе «Акт недопуска» добавлением следующих НСИ с последующей передачей сведений в АИС «КИС Баланс»
706327,[МРСК ЦиП]# 1434432 Подтвержденные задания по всем маршрутам не прогрузились в Омниус
603200,МРСК СК ЛКК. АРМ Диспетчер. Задания на доработку не отображаются
596139,МОЭСК (SD 877909) В ЦК не видно бланков актов проверки.
769195,[МОЭСК МС] Не проходит синхронизация  LocalDB приходится перезагружать для корректной работы ЦК
704919,[КСК МС] #HDСК00-00382033 Не отражено показание в Энергобиллинге
621873,ЦиП и Центра. МС. Анализ и устранение проблем с учетными записями
573402,"МРСК СевКав. HD-44463 Ошибка: У некоторых пользователей после авторизации в АРМ ""Диспетчера"" наблюдается ""Серый"" экран"
655424,[КСК МС] Демонстрация МС 
666470,[МОЭСК] #HD977527  Конфликт данных в акте на ограничение 
673212,[МРСК СК. МС] МСРК СК. Тестирование и отгрузка обновлений.
745491,[МРСК ЦиП] #1607423 Не отображается планируемая дата внеплановых работ
545517,МРСК ЦиП и Центра. Техническая поддержка 1 линия. 09.2021
749657,[КСК МС] #СК00-00411790 Не садятся контрольные показания  в Энергобиллинг
704504,[МОЭСК] #HD1033353 Отсутствует аббревиатуры филиала в номере документа
678400,МРСК Центр #HD984662 Необходимо массово списать пломбы
756982,[МОЭСК МС]. Техническая поддержка. Анализ 04.2023
614508,"[КСК МС] ТП. 04.2022. Предоставление прав доступа, смена пароля/восстановление доступа"
626773,"[КСК МС] ТП. 05.2022. Предоставление прав доступа, смена пароля/восстановление доступа"
720790,"[КСК МС] ТП. 01.2023. Предоставление прав доступа, смена пароля/восстановление доступа "
761483,[МОЭСК МС] #1119093 Ошибка не сохраняются данные по маршруту в БД 
668442,МРСК СК ЛКК. Обновление приложения iOS до версии 1.147
557753,"МОЭСК. HD. В акте замены ПУ в карточке ТН не отображаются поля ""тип ТН"" и ""Номер ТН"" (Внутренний баг)"
666891,[АО «Россети Янтарь»] #HD49389 Не сохраняется АИП и отказ от выполнения
700802,[КСК МС] #HDСК00-00379532 передача тарифов из МО в 1С
744335,"[МОЭСК МС] #3975 Необходимо в ЦК в акте замены добавить тип вложения ""Прочее"""
663521,[МОЭСК] #HD 974760 Ошибка при передачи пломбы исполнителю.
557501,"МСРК ЦиП и Центра. При снятии показаний дублируется раздел ""сутки"" (Whatsapp 22.10)"
599595,Янтарьэнерго. Не обновляется пароль АРМ и МП при изменении в Omnius
741249,[МОЭСК МС] #1086911 В акте Замены отсутствуют показания установленного ПУ
667534,[ЕЕ PЕ] Центр. Установка сертификата безопасности на сервер
635522,МОЭСК (SD 929721) Маршрутные листы не отображаются в Омнис.
671581,[МОЭСК] #HD985773 В SAP в Оперативном планировании не отразились фактические часы
778746,[КСК МС] #HD СК00-00433209 В мобильном обходчике отсутствует лицевой счет и прибор учета
697943,МРСК СК ЛКК. АРМ Диспетчер. Некорректное формирование отчетов
693095,[МРСК СЗ] #HD50610 Ошибка в приложении web тестовый Диспетчер мобильных сервисов
631961,МОЭСК (SD 933368) В МК отсутствует акт инструментальной проверки №170073
634886,АО Янтарьэнерго #HD48044 При удалении маршрутного листа в OmniUS не происходит его удаление в АРМ Диспетчера и Mobnius
743234,"[МОЭСК]#HD4112 На стороне ЦК в случае появления документа со статусом ""Негоден"" обновлять новое поле в заявках АС УТП."
576286,МРСК ЦиП и Центра. (SD 2705254) В Омнис возникают проблемы при замене прибора.
655391,МРСК СК ЛКК. МП Android. Некорректное отображение акта
704157,[МОЭСК] #HD3975 Необходимо реализовать проставление типов вложения при заведении акта через КБ
710793,[МРСК Центр] #1456475 Удаление из списка сотрудников которые уже не работают
781004,[МРСК Центр] #1761421 Не интегрировались лицевые счета из SAP в АРМ Диспетчера
596023,[МОЭСК NE]. Техническая поддержка 02.2022
627931,МОЭСК. Не отправляется маршрутный лист в ЦК
